1,Washington,lorem ipsum,San Bernardino,California,United States
2,Shoshone,curae,Raleigh,North Carolina,United States
3,Scoville,ante,Nashville,Tennessee,United States
4,Pepper Wood,venenatis,Bozeman,Montana,United States
5,Arkansas,eros,Albuquerque,New Mexico,United States
6,Toban,lacus at,Springfield,Massachusetts,United States
7,Pearson,mi pede,Washington,District of Columbia,United States
8,Atwood,morbi,Pasadena,California,United States
9,Green Ridge,cras,Ventura,California,United States
10,Talisman,vestibulum ac,Pittsburgh,Pennsylvania,United States
11,Gina,nulla sed,Toledo,Ohio,United States
12,Corry,justo morbi,Miami,Florida,United States
13,Spenser,nam,Duluth,Georgia,United States
14,Towne,ut erat,Sacramento,California,United States
15,Summerview,nunc,Davenport,Iowa,United States
16,Lotheville,vitae ipsum,Fairfax,Virginia,United States
17,Redwing,velit nec,Memphis,Tennessee,United States
18,Bashford,elit,Washington,District of Columbia,United States
19,Anniversary,suspendisse,Greeley,Colorado,United States
20,Pepper Wood,massa id,Hayward,California,United States
21,Manufacturers,diam,Savannah,Georgia,United States
22,Walton,felis eu,Dallas,Texas,United States
23,Eagle Crest,vivamus tortor,Trenton,New Jersey,United States
24,Texas,nam nulla,Salt Lake City,Utah,United States
25,Vera,tellus,Dallas,Texas,United States
26,Rockefeller,lorem,Los Angeles,California,United States
27,Carpenter,odio,Indianapolis,Indiana,United States
28,Heffernan,sit amet,Minneapolis,Minnesota,United States
29,Stone Corner,primis in,Washington,District of Columbia,United States
30,Oakridge,luctus,Lafayette,Indiana,United States
31,Myrtle,id,Atlanta,Georgia,United States
32,Orin,integer,New Orleans,Louisiana,United States
33,Reindahl,sapien arcu,Palo Alto,California,United States
34,Esch,vivamus,Sarasota,Florida,United States
35,Hintze,ante ipsum,Montgomery,Alabama,United States
36,Starling,felis,Chicago,Illinois,United States
37,Meadow Ridge,mauris,Oklahoma City,Oklahoma,United States
38,Transport,vehicula consequat,Mobile,Alabama,United States
39,Browning,vestibulum,Charlotte,North Carolina,United States
40,Vermont,lacinia,Gulfport,Mississippi,United States
41,Garrison,nec,Louisville,Kentucky,United States
42,High Crossing,vestibulum,Galveston,Texas,United States
43,Carberry,metus,Saint Louis,Missouri,United States
44,Twin Pines,justo,Honolulu,Hawaii,United States
45,Randy,donec,Sacramento,California,United States
46,Cottonwood,quam fringilla,Chula Vista,California,United States
47,Ronald Regan,aliquet,Denver,Colorado,United States
48,Monterey,mauris ullamcorper,Indianapolis,Indiana,United States
49,Lukken,velit,Miami,Florida,United States
50,Fallview,amet,Fort Smith,Arkansas,United States
51,Fieldstone,varius,Charlotte,North Carolina,United States
52,Wayridge,ridiculus,Fort Lauderdale,Florida,United States
53,Red Cloud,neque sapien,Tucson,Arizona,United States
54,Crescent Oaks,neque,Seattle,Washington,United States
55,Elgar,ut,Macon,Georgia,United States
56,Redwing,quis,Columbus,Georgia,United States
57,Arkansas,mauris viverra,Carol Stream,Illinois,United States
58,Stuart,nam dui,Anaheim,California,United States
59,Hazelcrest,enim in,Jacksonville,Florida,United States
60,Troy,vitae,Panama City,Florida,United States
61,Londonderry,leo odio,Anchorage,Alaska,United States
62,Bartillon,amet,Dayton,Ohio,United States
63,Sachtjen,quis orci,Austin,Texas,United States
64,Dottie,potenti,Baton Rouge,Louisiana,United States
65,Lakewood,sit amet,Cincinnati,Ohio,United States
66,Leroy,ultrices,Bronx,New York,United States
67,Crest Line,eget tempus,Springfield,Illinois,United States
68,Debs,bibendum morbi,Peoria,Arizona,United States
69,Gale,sem,Pensacola,Florida,United States
70,Huxley,tortor risus,Bloomington,Illinois,United States
71,Autumn Leaf,ut at,Lincoln,Nebraska,United States
72,Holmberg,nunc,New York City,New York,United States
73,Buell,turpis nec,Athens,Georgia,United States
74,Texas,imperdiet sapien,Des Moines,Iowa,United States
75,Blackbird,vitae mattis,Lehigh Acres,Florida,United States
76,Schurz,sollicitudin vitae,Manassas,Virginia,United States
77,Merchant,pellentesque quisque,Brooklyn,New York,United States
78,Boyd,tristique in,Tampa,Florida,United States
79,Anthes,quam suspendisse,Washington,District of Columbia,United States
80,Hollow Ridge,at,Chattanooga,Tennessee,United States
81,Rutledge,pulvinar lobortis,Tacoma,Washington,United States
82,Summer Ridge,in hac,Fresno,California,United States
83,Arrowood,iaculis congue,Mobile,Alabama,United States
84,Mccormick,id mauris,Scottsdale,Arizona,United States
85,Fieldstone,pede,Arlington,Virginia,United States
86,Manufacturers,ut nulla,White Plains,New York,United States
87,Aberg,vivamus tortor,El Paso,Texas,United States
88,Aberg,pretium iaculis,Evanston,Illinois,United States
89,John Wall,vel,Cedar Rapids,Iowa,United States
90,Talmadge,mauris ullamcorper,Herndon,Virginia,United States
91,Springs,ante,Philadelphia,Pennsylvania,United States
92,Kinsman,quam,Washington,District of Columbia,United States
93,Nobel,faucibus orci,Santa Barbara,California,United States
94,Pierstorff,maecenas,Trenton,New Jersey,United States
95,Express,vulputate,Mobile,Alabama,United States
96,Elka,porttitor,Bridgeport,Connecticut,United States
97,Melrose,urna,Los Angeles,California,United States
98,Namekagon,vulputate justo,Milwaukee,Wisconsin,United States
99,Kropf,rhoncus,Pompano Beach,Florida,United States
100,Crownhardt,suscipit nulla,Miami,Florida,United States
101,Clarendon,suspendisse,Oakland,California,United States
102,Fisk,leo odio,Wichita Falls,Texas,United States
103,Novick,ligula in,Dallas,Texas,United States
104,Dapin,dapibus dolor,Troy,Michigan,United States
105,Dryden,sociis natoque,Bakersfield,California,United States
106,Hallows,vivamus vel,Indianapolis,Indiana,United States
107,Superior,placerat,Dayton,Ohio,United States
108,Trailsway,purus sit,Santa Barbara,California,United States
109,Fieldstone,augue vestibulum,Pinellas Park,Florida,United States
110,Logan,libero non,Saint Petersburg,Florida,United States
111,Summer Ridge,diam erat,Carson City,Nevada,United States
112,Ridge Oak,nulla sed,Mobile,Alabama,United States
113,Hoffman,consequat dui,Tucson,Arizona,United States
114,Schiller,eget,Waterbury,Connecticut,United States
115,Vahlen,diam neque,Young America,Minnesota,United States
116,Sloan,maecenas rhoncus,San Antonio,Texas,United States
117,Messerschmidt,hac,Denver,Colorado,United States
118,Stang,enim,Silver Spring,Maryland,United States
119,Farragut,est risus,Cincinnati,Ohio,United States
120,Gina,vivamus in,Portsmouth,Virginia,United States
121,Bluejay,eget,Colorado Springs,Colorado,United States
122,Pawling,vehicula,Sacramento,California,United States
123,Summer Ridge,molestie,San Bernardino,California,United States
124,Katie,pede morbi,Las Vegas,Nevada,United States
125,Pepper Wood,elit,Atlanta,Georgia,United States
126,Logan,neque duis,Valdosta,Georgia,United States
127,Barnett,amet turpis,Cincinnati,Ohio,United States
128,Sutteridge,imperdiet,San Francisco,California,United States
129,Nobel,risus dapibus,Portland,Oregon,United States
130,Parkside,at turpis,Moreno Valley,California,United States
131,Tennyson,curabitur,Daytona Beach,Florida,United States
132,Mallard,suspendisse,Lakewood,Washington,United States
133,Prentice,sapien iaculis,Huntington,West Virginia,United States
134,Jenifer,varius nulla,Saint Paul,Minnesota,United States
135,West,quam sapien,Memphis,Tennessee,United States
136,Straubel,vehicula consequat,Riverside,California,United States
137,Anderson,congue diam,Hamilton,Ohio,United States
138,Anhalt,iaculis,Las Vegas,Nevada,United States
139,Fisk,in,Akron,Ohio,United States
140,Swallow,justo nec,Aurora,Colorado,United States
141,Quincy,duis consequat,Birmingham,Alabama,United States
142,Anderson,sapien,Huntsville,Alabama,United States
143,Gulseth,aliquet,Oakland,California,United States
144,Rigney,in felis,Biloxi,Mississippi,United States
145,Autumn Leaf,amet,Columbia,South Carolina,United States
146,Thompson,turpis nec,Oklahoma City,Oklahoma,United States
147,Nancy,amet sapien,Charlotte,North Carolina,United States
148,Hooker,lorem,Springfield,Ohio,United States
149,Badeau,pede,Annapolis,Maryland,United States
150,Maple Wood,libero convallis,El Paso,Texas,United States
151,Morningstar,justo in,Dallas,Texas,United States
152,Schiller,maecenas,New York City,New York,United States
153,Saint Paul,id,Arlington,Virginia,United States
154,Vermont,eget eros,Washington,District of Columbia,United States
155,Magdeline,et magnis,Springfield,Illinois,United States
156,Paget,vel nulla,Bethesda,Maryland,United States
157,Rigney,rutrum,Washington,District of Columbia,United States
158,Quincy,donec ut,Indianapolis,Indiana,United States
159,Commercial,leo,Newark,New Jersey,United States
160,Kings,montes nascetur,Washington,District of Columbia,United States
161,Summer Ridge,odio condimentum,Pittsburgh,Pennsylvania,United States
162,Autumn Leaf,maecenas,Nashville,Tennessee,United States
163,Charing Cross,mauris enim,Bryan,Texas,United States
164,Melrose,donec ut,Tulsa,Oklahoma,United States
165,Hallows,sit amet,Pittsburgh,Pennsylvania,United States
166,Russell,sit,Augusta,Georgia,United States
167,Spenser,fusce consequat,Huntington,West Virginia,United States
168,Northland,turpis eget,Milwaukee,Wisconsin,United States
169,Bunting,odio curabitur,Jefferson City,Missouri,United States
170,Scoville,donec diam,Oklahoma City,Oklahoma,United States
171,Lyons,curabitur,Grand Rapids,Michigan,United States
172,Pearson,eget massa,Oxnard,California,United States
173,Shasta,montes nascetur,Danbury,Connecticut,United States
174,Logan,volutpat,Wilmington,Delaware,United States
175,Roth,dictumst,Las Vegas,Nevada,United States
176,Hoard,nunc,San Jose,California,United States
177,Eastlawn,pellentesque,Irving,Texas,United States
178,Helena,nulla,Kansas City,Missouri,United States
179,Sheridan,tellus,El Paso,Texas,United States
180,La Follette,dolor,Orlando,Florida,United States
181,New Castle,hendrerit at,Madison,Wisconsin,United States
182,Riverside,semper,Philadelphia,Pennsylvania,United States
183,Center,dis,Salem,Oregon,United States
184,Schiller,tellus,San Francisco,California,United States
185,Montana,ut ultrices,Palo Alto,California,United States
186,Mallard,nisi at,Fargo,North Dakota,United States
187,Continental,lectus,Birmingham,Alabama,United States
188,Macpherson,curabitur in,Birmingham,Alabama,United States
189,Coolidge,non,Des Moines,Iowa,United States
190,Jay,tincidunt lacus,Atlanta,Georgia,United States
191,Tomscot,morbi ut,Prescott,Arizona,United States
192,La Follette,vestibulum,Nashville,Tennessee,United States
193,Manitowish,sed augue,Fort Myers,Florida,United States
194,Larry,donec quis,Appleton,Wisconsin,United States
195,Elka,vel,Houston,Texas,United States
196,Briar Crest,at,Charleston,West Virginia,United States
197,Homewood,aliquet pulvinar,Bryan,Texas,United States
198,Warner,eu,Sarasota,Florida,United States
199,Myrtle,erat nulla,Kansas City,Kansas,United States
200,Grim,porttitor lacus,Greensboro,North Carolina,United States
201,Dottie,in faucibus,Hartford,Connecticut,United States
202,Blackbird,diam in,Dallas,Texas,United States
203,Summerview,eget vulputate,Knoxville,Tennessee,United States
204,Gina,varius,San Jose,California,United States
205,Pepper Wood,at,Paterson,New Jersey,United States
206,Annamark,duis faucibus,Ogden,Utah,United States
207,Di Loreto,magnis dis,Springfield,Illinois,United States
208,Hansons,laoreet,Wilmington,Delaware,United States
209,Blackbird,ipsum,Johnstown,Pennsylvania,United States
210,Express,justo,Kansas City,Kansas,United States
211,Columbus,aenean,Milwaukee,Wisconsin,United States
212,Hayes,quis,Seattle,Washington,United States
213,Heath,tincidunt eget,Chicago,Illinois,United States
214,Oriole,rutrum neque,El Paso,Texas,United States
215,Briar Crest,vivamus vel,Worcester,Massachusetts,United States
216,Prentice,mauris,Pittsburgh,Pennsylvania,United States
217,Menomonie,volutpat sapien,Washington,District of Columbia,United States
218,Jackson,eleifend,Washington,District of Columbia,United States
219,Sycamore,primis in,Pittsburgh,Pennsylvania,United States
220,Lien,libero,Arvada,Colorado,United States
221,Truax,massa id,Hicksville,New York,United States
222,Lerdahl,lorem,New York City,New York,United States
223,Bobwhite,in porttitor,Sioux Falls,South Dakota,United States
224,Armistice,pretium,Greensboro,North Carolina,United States
225,Corben,faucibus orci,Lubbock,Texas,United States
226,High Crossing,porta volutpat,Madison,Wisconsin,United States
227,Homewood,curabitur gravida,Flint,Michigan,United States
228,Troy,iaculis,Atlanta,Georgia,United States
229,Dunning,ac lobortis,Philadelphia,Pennsylvania,United States
230,Blackbird,faucibus cursus,Asheville,North Carolina,United States
231,International,amet,South Bend,Indiana,United States
232,Scoville,nisl,Sioux Falls,South Dakota,United States
233,Barby,a ipsum,Hampton,Virginia,United States
234,Fairview,erat,Fort Lauderdale,Florida,United States
235,Tomscot,vivamus,Young America,Minnesota,United States
236,Tennessee,mauris morbi,Austin,Texas,United States
237,Duke,sem praesent,Pittsburgh,Pennsylvania,United States
238,Moose,mauris,New York City,New York,United States
239,Pennsylvania,hac habitasse,Pasadena,California,United States
240,Park Meadow,habitasse platea,Idaho Falls,Idaho,United States
241,Dwight,phasellus sit,Staten Island,New York,United States
242,Myrtle,diam,Mesquite,Texas,United States
243,Toban,ante,New York City,New York,United States
244,Sutherland,ultrices posuere,Carson City,Nevada,United States
245,Ryan,nulla,Suffolk,Virginia,United States
246,Buell,vestibulum quam,San Diego,California,United States
247,Main,non mi,Charlotte,North Carolina,United States
248,Monica,vivamus,Anaheim,California,United States
249,Maple Wood,lectus in,Iowa City,Iowa,United States
250,Weeping Birch,habitasse,Washington,District of Columbia,United States
251,Messerschmidt,nisl nunc,Boise,Idaho,United States
252,Cambridge,nec nisi,Biloxi,Mississippi,United States
253,New Castle,duis bibendum,Anaheim,California,United States
254,Toban,lacus curabitur,Boston,Massachusetts,United States
255,Eastwood,libero quis,Pittsburgh,Pennsylvania,United States
256,Michigan,sapien cursus,Des Moines,Iowa,United States
257,Waywood,dapibus augue,Phoenix,Arizona,United States
258,Upham,in,Charleston,South Carolina,United States
259,Vermont,eu massa,Fayetteville,North Carolina,United States
260,Vahlen,parturient,Sacramento,California,United States
261,Sauthoff,lacus,Boston,Massachusetts,United States
262,Westend,sagittis sapien,Stamford,Connecticut,United States
263,Sunfield,eu,Tulsa,Oklahoma,United States
264,Loomis,cras pellentesque,Decatur,Georgia,United States
265,Luster,elit proin,Gary,Indiana,United States
266,Donald,semper porta,Saint Paul,Minnesota,United States
267,Clove,integer aliquet,Baltimore,Maryland,United States
268,Claremont,sed,Santa Fe,New Mexico,United States
269,Transport,donec quis,Seattle,Washington,United States
270,Anderson,suspendisse,Greenville,South Carolina,United States
271,Stoughton,ullamcorper purus,Tacoma,Washington,United States
272,Fulton,elit sodales,Hattiesburg,Mississippi,United States
273,Farmco,a odio,Jersey City,New Jersey,United States
274,Springs,phasellus,Huntington,West Virginia,United States
275,Coleman,accumsan,Washington,District of Columbia,United States
276,Southridge,nulla tempus,Omaha,Nebraska,United States
277,Anzinger,luctus,Springfield,Massachusetts,United States
278,Carey,duis mattis,Houston,Texas,United States
279,Loeprich,nisl,Milwaukee,Wisconsin,United States
280,Superior,donec,El Paso,Texas,United States
281,Moulton,enim blandit,Dallas,Texas,United States
282,Victoria,elementum ligula,Wilmington,Delaware,United States
283,Banding,sodales scelerisque,Ogden,Utah,United States
284,Carioca,cras,Washington,District of Columbia,United States
285,Bobwhite,varius ut,New York City,New York,United States
286,Becker,velit,Oklahoma City,Oklahoma,United States
287,Meadow Vale,ipsum integer,Tucson,Arizona,United States
288,Village Green,dis parturient,Hot Springs National Park,Arkansas,United States
289,Blaine,fusce,Syracuse,New York,United States
290,Boyd,lobortis ligula,Louisville,Kentucky,United States
291,Scoville,sociis,Phoenix,Arizona,United States
292,Rutledge,non,Waterbury,Connecticut,United States
293,Acker,et,New Hyde Park,New York,United States
294,Village,in hac,Austin,Texas,United States
295,Pawling,consequat,Las Vegas,Nevada,United States
296,Darwin,nunc,Columbia,Missouri,United States
297,Springview,morbi non,Albuquerque,New Mexico,United States
298,Lyons,donec semper,Eugene,Oregon,United States
299,Summerview,et tempus,Houston,Texas,United States
300,Lakewood,lorem,San Diego,California,United States
301,Dexter,in purus,Boca Raton,Florida,United States
302,Leroy,ut,Richmond,Virginia,United States
303,Brickson Park,at,Fort Worth,Texas,United States
304,Portage,dolor,Columbia,Missouri,United States
305,Eliot,turpis,Bakersfield,California,United States
306,Delaware,ipsum,Lexington,Kentucky,United States
307,Declaration,dolor sit,Philadelphia,Pennsylvania,United States
308,Dunning,turpis a,New York City,New York,United States
309,Thompson,vulputate ut,Colorado Springs,Colorado,United States
310,Nobel,at dolor,Sioux Falls,South Dakota,United States
311,Hollow Ridge,nulla,Greensboro,North Carolina,United States
312,Forster,vestibulum,Austin,Texas,United States
313,Pond,ullamcorper,Fort Lauderdale,Florida,United States
314,Northview,neque libero,Idaho Falls,Idaho,United States
315,Haas,venenatis,Pittsburgh,Pennsylvania,United States
316,Shoshone,eget congue,Muskegon,Michigan,United States
317,Mosinee,lorem,San Diego,California,United States
318,Tennessee,pellentesque volutpat,Fort Worth,Texas,United States
319,Tomscot,quam,Jacksonville,Florida,United States
320,Northview,amet,Savannah,Georgia,United States
321,Hallows,pede,San Antonio,Texas,United States
322,Erie,non mauris,Seattle,Washington,United States
323,Messerschmidt,id,Albuquerque,New Mexico,United States
324,Cardinal,nunc,Oklahoma City,Oklahoma,United States
325,Clyde Gallagher,in,Lexington,Kentucky,United States
326,Bluejay,quisque,Lynchburg,Virginia,United States
327,Stang,donec ut,Fort Lauderdale,Florida,United States
328,Trailsway,in hac,New Orleans,Louisiana,United States
329,Thierer,vulputate justo,Norwalk,Connecticut,United States
330,John Wall,duis,Buffalo,New York,United States
331,Larry,turpis,Fort Lauderdale,Florida,United States
332,Mallory,tristique,El Paso,Texas,United States
333,Eagan,lacinia,Cleveland,Ohio,United States
334,Northland,lobortis vel,Cincinnati,Ohio,United States
335,Warner,orci eget,Boise,Idaho,United States
336,Duke,pulvinar lobortis,Bronx,New York,United States
337,Bunting,pellentesque at,Seattle,Washington,United States
338,Nova,integer a,Phoenix,Arizona,United States
339,Farmco,praesent,El Paso,Texas,United States
340,Kings,vel est,Newark,Delaware,United States
341,Dennis,nisi,Tacoma,Washington,United States
342,Dottie,ac,Chattanooga,Tennessee,United States
343,Sutherland,integer,Petaluma,California,United States
344,Chive,orci,Columbus,Mississippi,United States
345,Myrtle,vel,Augusta,Georgia,United States
346,Huxley,in sapien,Columbia,South Carolina,United States
347,Russell,porttitor,Fairbanks,Alaska,United States
348,New Castle,mauris vulputate,Lancaster,Pennsylvania,United States
349,Summerview,duis at,Concord,California,United States
350,Jackson,maecenas,Dulles,Virginia,United States
351,Reinke,ac,Burbank,California,United States
352,Orin,a,Denver,Colorado,United States
353,Farragut,feugiat,Fort Lauderdale,Florida,United States
354,Dennis,risus auctor,Saint Louis,Missouri,United States
355,Blackbird,id mauris,Orlando,Florida,United States
356,Roth,ac,Atlanta,Georgia,United States
357,Texas,in tempor,Richmond,Virginia,United States
358,Karstens,risus,Arlington,Virginia,United States
359,Golf,libero,New York City,New York,United States
360,Johnson,luctus,Gary,Indiana,United States
361,Banding,tempor convallis,Long Beach,California,United States
362,Montana,congue,Richmond,Virginia,United States
363,Grover,diam,Greenville,South Carolina,United States
364,Truax,ultrices posuere,Portland,Oregon,United States
365,Ryan,ornare,Nashville,Tennessee,United States
366,Stone Corner,amet,Vienna,Virginia,United States
367,Ryan,donec,Buffalo,New York,United States
368,Mosinee,magna ac,Hartford,Connecticut,United States
369,Valley Edge,gravida nisi,Phoenix,Arizona,United States
370,Michigan,cum,Pensacola,Florida,United States
371,Northwestern,ipsum,Decatur,Georgia,United States
372,Loomis,pulvinar,San Diego,California,United States
373,Southridge,ac,Houston,Texas,United States
374,Luster,hac habitasse,Detroit,Michigan,United States
375,Sheridan,neque,Mesa,Arizona,United States
376,Mesta,fusce posuere,Las Vegas,Nevada,United States
377,Delaware,venenatis lacinia,Brooklyn,New York,United States
378,Express,mauris vulputate,Topeka,Kansas,United States
379,Rieder,lacinia,Bryan,Texas,United States
380,Ridgeview,sed,Erie,Pennsylvania,United States
381,Homewood,maecenas tristique,Topeka,Kansas,United States
382,Northfield,vitae,Tacoma,Washington,United States
383,Stone Corner,faucibus,Lawrenceville,Georgia,United States
384,Ridge Oak,iaculis,Tacoma,Washington,United States
385,Victoria,proin interdum,Oklahoma City,Oklahoma,United States
386,Bluejay,congue,San Bernardino,California,United States
387,Del Mar,sem duis,Indianapolis,Indiana,United States
388,Katie,est,New Orleans,Louisiana,United States
389,Moulton,mauris,Buffalo,New York,United States
390,Scofield,tempus,Milwaukee,Wisconsin,United States
391,Welch,fusce,Boulder,Colorado,United States
392,Prairie Rose,tortor,Fredericksburg,Virginia,United States
393,Declaration,non mi,Wichita,Kansas,United States
394,School,amet,Panama City,Florida,United States
395,Tony,duis,Kansas City,Kansas,United States
396,5th,ante ipsum,Los Angeles,California,United States
397,Arkansas,vestibulum,Pueblo,Colorado,United States
398,Coleman,duis,Nashville,Tennessee,United States
399,Rowland,enim,Athens,Georgia,United States
400,Kennedy,vestibulum velit,Saint Joseph,Missouri,United States
401,Acker,odio donec,Hayward,California,United States
402,Paget,rhoncus,Round Rock,Texas,United States
403,Norway Maple,orci,Aiken,South Carolina,United States
404,Sage,tincidunt,Dallas,Texas,United States
405,Crescent Oaks,lectus,Rochester,New York,United States
406,Moose,ipsum,San Jose,California,United States
407,Kingsford,turpis,Cleveland,Ohio,United States
408,5th,vestibulum quam,Youngstown,Ohio,United States
409,Old Gate,mauris laoreet,Corpus Christi,Texas,United States
410,Crest Line,phasellus sit,Dayton,Ohio,United States
411,Alpine,diam,Gilbert,Arizona,United States
412,Maple Wood,pede,Raleigh,North Carolina,United States
413,Rutledge,nulla sed,Baltimore,Maryland,United States
414,Dunning,aliquet,Gary,Indiana,United States
415,Oxford,id turpis,Rockford,Illinois,United States
416,Mesta,dictumst,Biloxi,Mississippi,United States
417,Tony,libero,Killeen,Texas,United States
418,West,eu,Milwaukee,Wisconsin,United States
419,Loomis,parturient,Austin,Texas,United States
420,Karstens,nulla,Houston,Texas,United States
421,Tennessee,justo sit,Saint Petersburg,Florida,United States
422,Stone Corner,nullam porttitor,Pittsburgh,Pennsylvania,United States
423,Lindbergh,potenti,Shreveport,Louisiana,United States
424,Ilene,quisque,Saint Louis,Missouri,United States
425,Reindahl,magnis dis,Longview,Texas,United States
426,Bluejay,mi,Denver,Colorado,United States
427,Sachtjen,pellentesque,Colorado Springs,Colorado,United States
428,Scott,rutrum,Wilkes Barre,Pennsylvania,United States
429,Oneill,fusce consequat,Prescott,Arizona,United States
430,Meadow Valley,blandit ultrices,Winter Haven,Florida,United States
431,Lake View,ut,Palatine,Illinois,United States
432,Beilfuss,dapibus at,Pompano Beach,Florida,United States
433,Mitchell,congue,Salt Lake City,Utah,United States
434,Menomonie,sapien varius,Naperville,Illinois,United States
435,Maple,ipsum,Santa Monica,California,United States
436,Waubesa,orci vehicula,Fort Worth,Texas,United States
437,Milwaukee,consequat lectus,Little Rock,Arkansas,United States
438,Armistice,praesent blandit,San Antonio,Texas,United States
439,Ramsey,vulputate elementum,Hot Springs National Park,Arkansas,United States
440,Dorton,morbi,Washington,District of Columbia,United States
441,Clemons,tristique,Lehigh Acres,Florida,United States
442,Birchwood,augue quam,Birmingham,Alabama,United States
443,Carioca,ante ipsum,Richmond,Virginia,United States
444,Calypso,dapibus,Sacramento,California,United States
445,Pankratz,mi,Lafayette,Indiana,United States
446,Northport,tempus vel,Madison,Wisconsin,United States
447,Hermina,quis,New York City,New York,United States
448,Fair Oaks,eu,Oklahoma City,Oklahoma,United States
449,Cottonwood,nisl nunc,Philadelphia,Pennsylvania,United States
450,Hazelcrest,eros suspendisse,Philadelphia,Pennsylvania,United States
451,Grayhawk,donec dapibus,Fayetteville,North Carolina,United States
452,Dovetail,arcu,Washington,District of Columbia,United States
453,Lyons,hac habitasse,Levittown,Pennsylvania,United States
454,Everett,ante vivamus,Mobile,Alabama,United States
455,Jana,posuere,Evansville,Indiana,United States
456,Dovetail,id,Arlington,Texas,United States
457,Claremont,amet nunc,Denver,Colorado,United States
458,Northwestern,mauris vulputate,Alexandria,Virginia,United States
459,Spenser,semper,South Bend,Indiana,United States
460,Bultman,egestas metus,Houston,Texas,United States
461,Melvin,amet consectetuer,Las Vegas,Nevada,United States
462,American Ash,tortor,New Haven,Connecticut,United States
463,Donald,id,Glendale,Arizona,United States
464,Warner,nulla suspendisse,Duluth,Minnesota,United States
465,Del Sol,nisi volutpat,Tyler,Texas,United States
466,Bobwhite,dui,Gainesville,Florida,United States
467,Havey,aenean sit,Stamford,Connecticut,United States
468,Mesta,sed tristique,Springfield,Massachusetts,United States
469,Prairieview,integer,Louisville,Kentucky,United States
470,Swallow,donec quis,Memphis,Tennessee,United States
471,Eggendart,lacus curabitur,Houston,Texas,United States
472,Monica,lacinia nisi,Provo,Utah,United States
473,Kings,turpis,Pasadena,California,United States
474,Reinke,quam,Akron,Ohio,United States
475,Anniversary,ipsum integer,White Plains,New York,United States
476,Spenser,purus aliquet,Atlanta,Georgia,United States
477,Graceland,natoque penatibus,Lynchburg,Virginia,United States
478,Elmside,vestibulum,New Orleans,Louisiana,United States
479,Arkansas,quis turpis,Silver Spring,Maryland,United States
480,Red Cloud,curabitur,Independence,Missouri,United States
481,Dryden,ligula vehicula,Denver,Colorado,United States
482,Basil,semper sapien,Philadelphia,Pennsylvania,United States
483,Lawn,cubilia curae,Indianapolis,Indiana,United States
484,Dorton,praesent blandit,Oakland,California,United States
485,Becker,nisi eu,Montgomery,Alabama,United States
486,Melvin,morbi sem,Hartford,Connecticut,United States
487,Aberg,vestibulum eget,Sacramento,California,United States
488,Golf,sapien arcu,Kingsport,Tennessee,United States
489,Riverside,nulla,Petaluma,California,United States
490,Hoepker,molestie hendrerit,San Jose,California,United States
491,Jenifer,quis justo,Saint Louis,Missouri,United States
492,Trailsway,rutrum ac,Detroit,Michigan,United States
493,Lyons,sapien a,Miami,Florida,United States
494,Esch,risus praesent,Gary,Indiana,United States
495,Morningstar,ullamcorper,Odessa,Texas,United States
496,Coolidge,dui nec,Tacoma,Washington,United States
497,Mitchell,eget,Minneapolis,Minnesota,United States
498,Mayfield,maecenas,Lexington,Kentucky,United States
499,Fairview,in,San Mateo,California,United States
500,Chive,scelerisque quam,Trenton,New Jersey,United States
501,Weeping Birch,vulputate,Miami,Florida,United States
502,Westridge,eget tincidunt,Lexington,Kentucky,United States
503,Meadow Vale,luctus,Roanoke,Virginia,United States
504,Eliot,nulla justo,Pocatello,Idaho,United States
505,Prentice,nam,Sioux City,Iowa,United States
506,Stuart,elit proin,Baltimore,Maryland,United States
507,Milwaukee,tortor,Fort Lauderdale,Florida,United States
508,Springs,cras in,Glendale,Arizona,United States
509,Mariners Cove,amet diam,Galveston,Texas,United States
510,Nelson,ac,Reston,Virginia,United States
511,Katie,donec vitae,Norwalk,Connecticut,United States
512,Chive,proin,Evanston,Illinois,United States
513,Melody,ut massa,Austin,Texas,United States
514,Golf Course,non pretium,Sarasota,Florida,United States
515,Shopko,vestibulum,Birmingham,Alabama,United States
516,Katie,platea,Minneapolis,Minnesota,United States
517,Dovetail,pharetra,Oceanside,California,United States
518,Dottie,blandit,Oklahoma City,Oklahoma,United States
519,Veith,amet consectetuer,New Orleans,Louisiana,United States
520,Lunder,maecenas tincidunt,Cleveland,Ohio,United States
521,Valley Edge,id,Corona,California,United States
522,Novick,quam,Saint Petersburg,Florida,United States
523,Stuart,sit amet,Albany,New York,United States
524,Claremont,ac lobortis,Muskegon,Michigan,United States
525,Quincy,nulla ut,Los Angeles,California,United States
526,Cody,neque duis,Cincinnati,Ohio,United States
527,Bashford,nisi,Baton Rouge,Louisiana,United States
528,Northview,vulputate luctus,Honolulu,Hawaii,United States
529,Di Loreto,urna ut,Gatesville,Texas,United States
530,Loftsgordon,aenean auctor,Birmingham,Alabama,United States
531,Lerdahl,primis in,Jamaica,New York,United States
532,Cardinal,a odio,Monroe,Louisiana,United States
533,International,at,Midland,Texas,United States
534,Kropf,rutrum,Memphis,Tennessee,United States
535,Clyde Gallagher,habitasse platea,Santa Cruz,California,United States
536,Crest Line,blandit,Lincoln,Nebraska,United States
537,Oriole,nulla,Clearwater,Florida,United States
538,Drewry,velit,Richmond,Virginia,United States
539,Luster,at nunc,Philadelphia,Pennsylvania,United States
540,Hayes,eros vestibulum,Mobile,Alabama,United States
541,Lindbergh,lacinia eget,Evanston,Illinois,United States
542,Mockingbird,orci nullam,Syracuse,New York,United States
543,Carberry,in quis,Milwaukee,Wisconsin,United States
544,Farmco,integer aliquet,Charleston,West Virginia,United States
545,Troy,lectus,Erie,Pennsylvania,United States
546,Debs,enim blandit,Baltimore,Maryland,United States
547,Dayton,rhoncus,Bellevue,Washington,United States
548,Aberg,euismod scelerisque,Washington,District of Columbia,United States
549,Heath,arcu,Chicago,Illinois,United States
550,Loeprich,praesent,Atlanta,Georgia,United States
551,Lyons,ante vivamus,San Jose,California,United States
552,Sommers,posuere,Columbia,Missouri,United States
553,Mallard,vulputate ut,Philadelphia,Pennsylvania,United States
554,Banding,cursus,Vero Beach,Florida,United States
555,Twin Pines,varius,Visalia,California,United States
556,Red Cloud,aliquam erat,Alpharetta,Georgia,United States
557,Ohio,felis sed,Lubbock,Texas,United States
558,Mifflin,turpis,Pueblo,Colorado,United States
559,Tennessee,non,Charleston,South Carolina,United States
560,Toban,vehicula condimentum,Oklahoma City,Oklahoma,United States
561,Sugar,venenatis lacinia,New York City,New York,United States
562,Bashford,eleifend quam,Anchorage,Alaska,United States
563,Linden,auctor,Hollywood,Florida,United States
564,Beilfuss,amet diam,Hialeah,Florida,United States
565,Jenna,integer pede,Pueblo,Colorado,United States
566,Burning Wood,lorem quisque,Staten Island,New York,United States
567,Sutherland,in sagittis,Sacramento,California,United States
568,Burrows,mi,Philadelphia,Pennsylvania,United States
569,Judy,auctor,Washington,District of Columbia,United States
570,Comanche,est,Billings,Montana,United States
571,Delladonna,amet nunc,Cedar Rapids,Iowa,United States
572,Old Shore,id,Indianapolis,Indiana,United States
573,Doe Crossing,aliquet ultrices,Richmond,Virginia,United States
574,Grasskamp,blandit,Atlanta,Georgia,United States
575,Grayhawk,donec,Louisville,Kentucky,United States
576,Wayridge,potenti nullam,Oklahoma City,Oklahoma,United States
577,Arrowood,amet,Lake Worth,Florida,United States
578,Bonner,vestibulum,Anchorage,Alaska,United States
579,Vermont,nisl nunc,New York City,New York,United States
580,Old Gate,lacus at,Houston,Texas,United States
581,Buell,proin,Port Charlotte,Florida,United States
582,Fair Oaks,aenean lectus,New York City,New York,United States
583,Oak,eleifend,Greensboro,North Carolina,United States
584,Charing Cross,volutpat,Daytona Beach,Florida,United States
585,Reinke,mauris,Washington,District of Columbia,United States
586,Declaration,magna vulputate,Naples,Florida,United States
587,Delladonna,quis,Tampa,Florida,United States
588,Heath,donec dapibus,Arlington,Virginia,United States
589,Northridge,justo,Baton Rouge,Louisiana,United States
590,Bunting,turpis elementum,Youngstown,Ohio,United States
591,Pond,augue,Atlanta,Georgia,United States
592,Russell,arcu,Atlanta,Georgia,United States
593,Merry,dapibus at,Houston,Texas,United States
594,Victoria,cubilia,Miami,Florida,United States
595,Basil,bibendum morbi,Newport Beach,California,United States
596,Sachtjen,dolor sit,Hartford,Connecticut,United States
597,Kim,felis,Greenville,South Carolina,United States
598,Bashford,montes,Austin,Texas,United States
599,Butterfield,commodo vulputate,Des Moines,Iowa,United States
600,Homewood,dictumst aliquam,Boston,Massachusetts,United States
601,Dottie,sed tristique,Kansas City,Kansas,United States
602,Gerald,porttitor id,Lancaster,Pennsylvania,United States
603,Parkside,primis,Canton,Ohio,United States
604,Burning Wood,nunc,Richmond,Virginia,United States
605,8th,fusce,Albuquerque,New Mexico,United States
606,Vidon,a libero,Baltimore,Maryland,United States
607,Erie,vel lectus,Trenton,New Jersey,United States
608,Farragut,primis in,Greenville,South Carolina,United States
609,Sutherland,tincidunt,Alexandria,Virginia,United States
610,Waubesa,lobortis est,Los Angeles,California,United States
611,Sachtjen,eget,Milwaukee,Wisconsin,United States
612,Hudson,id,Austin,Texas,United States
613,Melby,ultrices phasellus,Phoenix,Arizona,United States
614,Hayes,platea dictumst,Saint Paul,Minnesota,United States
615,Westerfield,nulla,Los Angeles,California,United States
616,Westerfield,pede justo,Orlando,Florida,United States
617,Sommers,semper rutrum,Pasadena,California,United States
618,Clove,sit amet,Grand Rapids,Michigan,United States
619,Cordelia,vestibulum,Delray Beach,Florida,United States
620,David,nulla facilisi,Hamilton,Ohio,United States
621,Annamark,orci,Houston,Texas,United States
622,Northland,quam sollicitudin,Saint Paul,Minnesota,United States
623,Brown,in,Portland,Oregon,United States
624,Walton,vulputate,Albany,Georgia,United States
625,Namekagon,dui,Fresno,California,United States
626,Sherman,in,Dallas,Texas,United States
627,Bluejay,duis,Fairbanks,Alaska,United States
628,Boyd,id,Tulsa,Oklahoma,United States
629,Clove,nullam sit,Baton Rouge,Louisiana,United States
630,David,turpis,Houston,Texas,United States
631,Emmet,neque aenean,Mobile,Alabama,United States
632,Meadow Valley,nec,Arlington,Virginia,United States
633,Dapin,vestibulum eget,Knoxville,Tennessee,United States
634,Manufacturers,nulla,Pittsburgh,Pennsylvania,United States
635,Vahlen,ac,Los Angeles,California,United States
636,Grim,dapibus,Appleton,Wisconsin,United States
637,Dryden,est donec,Wilmington,Delaware,United States
638,Oneill,ut,Lincoln,Nebraska,United States
639,Summit,non interdum,Montgomery,Alabama,United States
640,Loftsgordon,eu tincidunt,Oklahoma City,Oklahoma,United States
641,Rutledge,elementum,San Francisco,California,United States
642,Hovde,est lacinia,Detroit,Michigan,United States
643,Kingsford,praesent,Charleston,West Virginia,United States
644,Upham,nunc purus,Buffalo,New York,United States
645,Farmco,velit nec,Houston,Texas,United States
646,Transport,accumsan tellus,Watertown,Massachusetts,United States
647,Hintze,morbi,Reading,Pennsylvania,United States
648,Norway Maple,nisl,Columbia,South Carolina,United States
649,Lakewood Gardens,sapien placerat,Murfreesboro,Tennessee,United States
650,Bartelt,orci,Seminole,Florida,United States
651,Farragut,volutpat,San Antonio,Texas,United States
652,Barby,pellentesque quisque,Atlanta,Georgia,United States
653,Moland,luctus,El Paso,Texas,United States
654,Haas,metus,Huntsville,Alabama,United States
655,Schmedeman,curabitur in,New Orleans,Louisiana,United States
656,Thompson,libero,Little Rock,Arkansas,United States
657,Ohio,urna,Huntington,West Virginia,United States
658,Florence,lobortis,Orlando,Florida,United States
659,Ryan,massa tempor,Miami,Florida,United States
660,Linden,sed sagittis,Waco,Texas,United States
661,Fremont,congue eget,Salt Lake City,Utah,United States
662,Mccormick,quis,Sioux Falls,South Dakota,United States
663,Springs,magnis dis,Santa Rosa,California,United States
664,Knutson,ac,Washington,District of Columbia,United States
665,Johnson,justo,Buffalo,New York,United States
666,Hooker,turpis,Pittsburgh,Pennsylvania,United States
667,West,rhoncus sed,Nashville,Tennessee,United States
668,Vermont,magna,San Francisco,California,United States
669,Onsgard,sit amet,Des Moines,Iowa,United States
670,Hanover,neque,Denver,Colorado,United States
671,Coolidge,venenatis non,Anchorage,Alaska,United States
672,Acker,turpis,Phoenix,Arizona,United States
673,Northland,ipsum primis,Fort Worth,Texas,United States
674,Montana,justo,Charleston,South Carolina,United States
675,Hoepker,odio,Springfield,Illinois,United States
676,Carey,curae nulla,Cincinnati,Ohio,United States
677,Toban,felis,Phoenix,Arizona,United States
678,Waywood,interdum,Syracuse,New York,United States
679,Corry,lectus suspendisse,Charlotte,North Carolina,United States
680,Farwell,nulla ut,Sacramento,California,United States
681,Twin Pines,erat eros,Santa Fe,New Mexico,United States
682,Westend,justo sollicitudin,Salem,Oregon,United States
683,Sutteridge,ultrices libero,Washington,District of Columbia,United States
684,Ohio,et magnis,Milwaukee,Wisconsin,United States
685,Gina,arcu,Huntsville,Alabama,United States
686,Buhler,nec,Bethesda,Maryland,United States
687,Mcbride,donec quis,Minneapolis,Minnesota,United States
688,Kensington,cursus id,Topeka,Kansas,United States
689,Mendota,volutpat,Phoenix,Arizona,United States
690,Commercial,sed tristique,Fort Myers,Florida,United States
691,Magdeline,pulvinar,Miami,Florida,United States
692,Karstens,quam sollicitudin,Lafayette,Louisiana,United States
693,Loeprich,consequat,Washington,District of Columbia,United States
694,North,lacus at,El Paso,Texas,United States
695,Pearson,tellus,Beaverton,Oregon,United States
696,Thompson,justo nec,Memphis,Tennessee,United States
697,Dwight,turpis integer,Valdosta,Georgia,United States
698,Macpherson,enim blandit,Peoria,Illinois,United States
699,Maple,augue,Hampton,Virginia,United States
700,Monument,tincidunt nulla,Washington,District of Columbia,United States
701,Lerdahl,varius,El Paso,Texas,United States
702,Stone Corner,fusce,Crawfordsville,Indiana,United States
703,Green,amet,Clearwater,Florida,United States
704,Beilfuss,duis,Sacramento,California,United States
705,Becker,amet eleifend,Saint Louis,Missouri,United States
706,Roth,ac,Washington,District of Columbia,United States
707,Di Loreto,lectus,Huntington,West Virginia,United States
708,Gale,nulla,Tacoma,Washington,United States
709,Bunker Hill,imperdiet et,Austin,Texas,United States
710,Dawn,metus,Lansing,Michigan,United States
711,Golf Course,sapien,Washington,District of Columbia,United States
712,Mayer,vulputate,Miami,Florida,United States
713,Graceland,magna bibendum,San Jose,California,United States
714,Loomis,quam,Raleigh,North Carolina,United States
715,Coolidge,cubilia curae,Canton,Ohio,United States
716,Leroy,quam sapien,New York City,New York,United States
717,Grayhawk,morbi a,Colorado Springs,Colorado,United States
718,Fisk,neque aenean,El Paso,Texas,United States
719,Schlimgen,pulvinar,Rochester,New York,United States
720,Pennsylvania,molestie,Bonita Springs,Florida,United States
721,Declaration,elementum in,Los Angeles,California,United States
722,Waxwing,porttitor,Springfield,Illinois,United States
723,4th,primis in,Chicago,Illinois,United States
724,Luster,iaculis congue,Albany,New York,United States
725,Fuller,luctus rutrum,Pittsburgh,Pennsylvania,United States
726,Talmadge,nam congue,Oklahoma City,Oklahoma,United States
727,Acker,hendrerit at,Columbia,South Carolina,United States
728,Veith,risus,Oklahoma City,Oklahoma,United States
729,Lillian,natoque penatibus,Washington,District of Columbia,United States
730,Merchant,vehicula consequat,Young America,Minnesota,United States
731,Helena,in lectus,Saint Petersburg,Florida,United States
732,Sycamore,donec,Brooklyn,New York,United States
733,Dorton,nullam molestie,Albuquerque,New Mexico,United States
734,Boyd,lobortis est,Sioux Falls,South Dakota,United States
735,Grasskamp,tincidunt,Alhambra,California,United States
736,Heffernan,quis,Arlington,Texas,United States
737,Warrior,mi sit,Hialeah,Florida,United States
738,Armistice,adipiscing,Minneapolis,Minnesota,United States
739,Algoma,mi,Wilkes Barre,Pennsylvania,United States
740,Park Meadow,natoque penatibus,Gastonia,North Carolina,United States
741,Carioca,fusce consequat,Seattle,Washington,United States
742,Mariners Cove,ridiculus mus,Monroe,Louisiana,United States
743,Jana,amet,Albany,New York,United States
744,Tomscot,amet eleifend,Washington,District of Columbia,United States
745,Eagan,nam,Pittsburgh,Pennsylvania,United States
746,High Crossing,justo in,Las Vegas,Nevada,United States
747,Summerview,volutpat eleifend,Shreveport,Louisiana,United States
748,Meadow Vale,id sapien,Memphis,Tennessee,United States
749,Thierer,faucibus,Canton,Ohio,United States
750,Wayridge,libero nam,Santa Barbara,California,United States
751,Arapahoe,donec,Wilmington,Delaware,United States
752,West,felis ut,El Paso,Texas,United States
753,Garrison,magnis,Norfolk,Virginia,United States
754,Meadow Valley,non,Los Angeles,California,United States
755,Kingsford,in,Worcester,Massachusetts,United States
756,Knutson,porttitor,Paterson,New Jersey,United States
757,Lake View,integer,Tulsa,Oklahoma,United States
758,Schiller,proin eu,Glendale,California,United States
759,Oak,tristique,Midland,Michigan,United States
760,Johnson,consequat dui,Scottsdale,Arizona,United States
761,Blaine,sollicitudin ut,Toledo,Ohio,United States
762,Duke,justo,Hartford,Connecticut,United States
763,Dakota,lectus pellentesque,Saint Petersburg,Florida,United States
764,Coleman,duis bibendum,Fresno,California,United States
765,Rutledge,montes nascetur,Murfreesboro,Tennessee,United States
766,Farmco,a feugiat,Saint Paul,Minnesota,United States
767,Killdeer,posuere cubilia,Yonkers,New York,United States
768,Mosinee,vivamus metus,Dayton,Ohio,United States
769,Summerview,at,Chicago,Illinois,United States
770,Charing Cross,quis tortor,Jackson,Mississippi,United States
771,Jay,sagittis,Albuquerque,New Mexico,United States
772,Hauk,maecenas,Macon,Georgia,United States
773,Westridge,sapien,Mesa,Arizona,United States
774,Annamark,tincidunt,Kansas City,Missouri,United States
775,Steensland,vestibulum,Washington,District of Columbia,United States
776,Shopko,vestibulum ante,Madison,Wisconsin,United States
777,Kings,lobortis,Fort Myers,Florida,United States
778,Leroy,id,Milwaukee,Wisconsin,United States
779,Bayside,id luctus,Lubbock,Texas,United States
780,Rigney,enim,Fairfax,Virginia,United States
781,Brown,faucibus,Denver,Colorado,United States
782,Talmadge,vestibulum,Des Moines,Iowa,United States
783,Dryden,vulputate,Fort Worth,Texas,United States
784,Elka,dis parturient,Denver,Colorado,United States
785,Ramsey,nullam,Minneapolis,Minnesota,United States
786,Del Sol,nulla,Washington,District of Columbia,United States
787,Bartelt,pellentesque,Aurora,Colorado,United States
788,Westerfield,vitae,Dayton,Ohio,United States
789,Kingsford,sem,Boynton Beach,Florida,United States
790,Glacier Hill,vestibulum proin,Port Saint Lucie,Florida,United States
791,Maple Wood,quam sapien,Cincinnati,Ohio,United States
792,Sutteridge,rhoncus,Peoria,Illinois,United States
793,Farmco,eleifend,Orlando,Florida,United States
794,West,pulvinar,Sacramento,California,United States
795,Heffernan,hac,Panama City,Florida,United States
796,Rusk,nunc viverra,San Antonio,Texas,United States
797,Waxwing,sit amet,San Antonio,Texas,United States
798,Mockingbird,morbi,Little Rock,Arkansas,United States
799,Esch,morbi ut,Newark,New Jersey,United States
800,Rusk,cubilia,Wichita,Kansas,United States
