1,699,Phyllis Coleman,5-(745)300-3736,1947-03-29 05:17:24,170,resources/bDwCQRfoYH.jpg
2,173,Janice Martin,1-(411)298-0752,1923-05-07 03:33:20,321,resources/gWXxZBLSNI.jpg
3,178,Richard Nelson,7-(433)014-9496,1930-03-15 03:46:14,52,resources/jeLGlCoMvW.jpg
4,283,Dennis Mills,2-(758)402-4012,1924-09-26 22:46:22,240,resources/LCVltwMzGK.jpg
5,99,Thomas Graham,0-(963)374-2583,1969-05-25 11:04:26,76,resources/BhrlEiZvTe.jpg
6,507,Marilyn Porter,3-(665)752-7785,1923-03-26 16:19:34,124,resources/igDtmPvGkz.jpg
7,99,Raymond Sanders,4-(649)005-3558,1975-07-10 19:27:55,360,resources/voNrSmzhfR.jpg
8,588,Rebecca Mills,8-(521)061-7466,1931-11-16 03:50:09,144,resources/DGRcLuzwqb.jpg
9,385,Catherine Bryant,9-(137)429-4330,1989-12-14 05:51:29,311,resources/wmxYihHsEo.jpg
10,692,Russell Peterson,8-(251)319-7226,1908-02-18 22:32:02,247,resources/bCshldjXto.jpg
11,736,Joshua Castillo,1-(348)485-1103,1951-04-24 20:32:31,384,resources/gsmUiOVAfL.jpg
12,511,Rebecca Carpenter,5-(518)938-8481,1987-02-10 15:45:34,286,resources/SObLjinWtm.jpg
13,359,Julie Sanchez,7-(492)653-9664,1931-12-29 09:45:15,216,resources/avyFWkwAUI.jpg
14,385,George Davis,5-(400)760-8518,1928-09-24 17:43:29,238,resources/ZTtlxeJIyX.jpg
15,289,Walter Murphy,9-(238)474-8853,1914-05-16 12:46:59,421,resources/xStYFGeNkZ.jpg
16,393,George Murphy,7-(908)306-4307,1964-11-22 20:34:05,17,resources/PkbwhgFLpV.jpg
17,53,Catherine Torres,2-(504)807-0034,1989-05-23 02:14:20,283,resources/UaDMmxQZSG.jpg
18,313,Alan Moore,1-(368)448-0558,1940-03-18 11:34:40,138,resources/bNyQhAqXkZ.jpg
19,487,Dorothy Roberts,1-(989)409-5530,1972-03-29 16:10:53,417,resources/AUziyMEtPp.jpg
20,38,Randy Walker,4-(133)205-6787,1963-09-16 01:47:21,26,resources/AVTEdnJztU.jpg
21,307,Samuel Wallace,2-(746)708-9320,1905-06-07 14:09:32,247,resources/yzUlbWLwKv.jpg
22,512,Martin Hudson,7-(514)593-1270,1972-06-30 06:34:03,52,resources/ZRjaDeAkbQ.jpg
23,173,Pamela Powell,1-(502)840-0142,1986-04-16 05:46:10,274,resources/aFnVTgQClY.jpg
24,14,Harry Murray,5-(888)126-9772,1946-08-28 08:06:00,428,resources/vtkgKwbMcS.jpg
25,591,Edward Rivera,4-(339)389-6568,1906-09-13 18:52:14,411,resources/VYEZISwrbN.jpg
26,731,Henry Reed,8-(422)630-6794,1914-09-03 18:32:01,185,resources/zeFaCtVENH.jpg
27,184,Antonio Barnes,7-(928)293-8772,1932-10-20 18:27:41,212,resources/PxmWrwagHn.jpg
28,203,Paul Armstrong,5-(017)255-1221,1963-02-14 23:40:42,49,resources/BtqREFTmxV.jpg
29,256,Robin Watson,6-(315)649-1441,1912-02-29 14:14:42,341,resources/dgtKhHLJMZ.jpg
30,150,Karen Green,5-(444)933-2351,1944-02-14 08:39:01,491,resources/oMBDTPkWjh.jpg
31,748,Evelyn Jones,9-(896)805-2733,1943-04-10 22:37:28,424,resources/WuTfcIVtFS.jpg
32,282,Dennis Hayes,0-(890)707-1318,1934-09-18 21:54:02,183,resources/cRqamHsXfB.jpg
33,668,Mary Carroll,4-(572)560-5810,1987-03-02 13:40:50,416,resources/BuWTeEVknt.jpg
34,637,Kathy Ryan,1-(102)094-9322,1995-07-30 19:24:10,314,resources/VHZFEQNoMf.jpg
35,497,Maria Kim,5-(349)701-5035,1965-08-02 15:39:27,363,resources/gaIoRBCcUK.jpg
36,111,Stephanie Nguyen,7-(209)578-0109,1994-02-10 20:57:18,495,resources/ipPRvyESCG.jpg
37,354,Donald Hamilton,4-(915)986-7181,1984-06-01 17:31:14,294,resources/ShtaWTrsvm.jpg
38,718,Cynthia Carr,3-(968)283-3395,1959-11-02 05:06:39,12,resources/LMtaJAGUfb.jpg
39,277,Larry Hunter,7-(557)324-9801,1948-07-07 07:02:12,250,resources/JwEaRHUgVv.jpg
40,50,Larry Fowler,3-(384)557-5571,1991-05-26 20:32:05,68,resources/MHBTLFYfCj.jpg
41,353,Sean Torres,0-(893)974-0809,1946-12-26 02:06:03,411,resources/EjncwFgWIy.jpg
42,597,Michelle Peterson,7-(991)373-8240,1973-08-09 07:40:09,109,resources/AOWTwkxFiU.jpg
43,103,George Graham,6-(945)833-4614,1983-08-20 02:31:01,403,resources/WymtVLpZgb.jpg
44,517,Billy Price,5-(067)029-1538,1911-05-25 05:43:52,255,resources/qdfOTEQovh.jpg
45,463,Mary Grant,6-(412)038-8805,1972-03-22 04:47:21,273,resources/fCcelNUxHW.jpg
46,549,Jerry Sims,1-(104)284-3104,1982-03-26 06:49:37,97,resources/xwbTGhiNfJ.jpg
47,283,Jerry Burke,5-(188)601-9644,1924-02-03 00:33:48,315,resources/TcpWFvHkae.jpg
48,677,Donald Shaw,1-(718)984-9786,1948-08-05 19:45:52,187,resources/OlMRWTaFun.jpg
49,349,Harold Bell,9-(536)938-3796,1960-01-24 07:25:58,56,resources/vNmnrCleqJ.jpg
50,96,Martin Bennett,4-(942)400-9719,1988-07-22 18:04:43,228,resources/WpmCPgXeyq.jpg
51,174,Jonathan Banks,7-(923)774-1578,1921-06-17 05:11:48,323,resources/UcYBqwDVCs.jpg
52,546,Carl Hanson,4-(674)095-8544,1981-04-17 08:23:09,192,resources/OMnpsUHdaz.jpg
53,19,Annie Sullivan,9-(655)426-9559,1944-06-02 23:17:07,240,resources/QxAXIHralh.jpg
54,235,Doris Dixon,7-(034)648-6078,1920-09-14 05:35:25,272,resources/BvsxlqPVCU.jpg
55,208,Lisa Perkins,8-(549)263-6196,1935-12-05 09:38:34,393,resources/YMunEzDWbv.jpg
56,765,Carol Carr,5-(251)248-2875,1923-10-21 11:50:37,48,resources/IBSYEtwask.jpg
57,357,Patricia Black,4-(037)962-2615,1928-04-20 15:23:47,184,resources/LsynGVdtzZ.jpg
58,323,Brian Miller,6-(426)546-0357,1921-09-12 12:53:50,333,resources/EnoYszICgp.jpg
59,92,Carolyn Gutierrez,1-(582)280-8407,1901-01-01 17:19:51,388,resources/eqBHiIZFQh.jpg
60,115,Eric Cole,3-(491)391-2171,1917-06-12 23:04:33,127,resources/qpCwEXDMRi.jpg
61,792,Lawrence Banks,0-(615)298-4987,1945-09-22 07:31:42,339,resources/MlCdvNGyEX.jpg
62,693,Thomas Collins,9-(493)979-8821,1946-09-11 00:58:42,157,resources/QvNBejbAqi.jpg
63,670,Jacqueline Stevens,6-(086)433-3771,1963-04-04 22:26:16,295,resources/eGXdxaQIlW.jpg
64,44,Ruth Cook,5-(485)223-6704,1914-08-23 04:19:12,104,resources/klDmzcBWya.jpg
65,272,Paul Bailey,9-(804)846-8596,1901-06-06 01:26:01,299,resources/bJesvxlCRX.jpg
66,40,Dorothy Young,6-(081)946-9353,1975-04-22 03:55:31,65,resources/LGRBDqNtyC.jpg
67,421,Rose Fernandez,3-(396)804-1062,1918-05-18 22:07:18,54,resources/XFwftxJRyn.jpg
68,662,Theresa George,6-(925)429-8723,1969-04-15 00:27:05,231,resources/yZIatmDARE.jpg
69,292,Samuel Chavez,5-(200)271-0029,1950-05-02 09:32:27,498,resources/BKGQAfHeXq.jpg
70,109,Ruby King,5-(329)649-9239,1927-10-06 19:50:53,44,resources/NmQUSqpPBK.jpg
71,748,Jonathan Ford,4-(646)338-8269,1956-10-27 07:53:20,354,resources/zICmOkuAKx.jpg
72,359,Bobby Davis,3-(340)059-6954,1939-03-13 11:51:38,256,resources/ZAQmfFbwel.jpg
73,187,Scott Ellis,4-(801)997-5280,1904-11-29 01:25:52,93,resources/rZhiFXyxKV.jpg
74,483,Alan Morgan,1-(662)683-4706,1977-04-14 14:25:40,277,resources/uywHrNJPeD.jpg
75,153,Bobby Hamilton,9-(567)545-7310,1975-05-08 19:22:24,105,resources/MjWeEzUhLF.jpg
76,351,Joan Gordon,8-(541)509-4668,1954-09-15 10:44:45,253,resources/jexOtJErTb.jpg
77,287,Albert Pierce,4-(116)598-9081,1974-07-23 18:00:46,244,resources/PwQluVdbrG.jpg
78,259,Sarah Hansen,9-(529)389-0860,1951-11-22 15:23:10,470,resources/NufMOdeBqp.jpg
79,579,David Berry,5-(862)595-1325,1977-12-02 11:35:06,270,resources/pVKXnTqzbs.jpg
80,425,Diane Campbell,9-(618)722-9184,1967-03-01 03:09:05,232,resources/vILHbfoSJe.jpg
81,265,Judy Lewis,3-(390)310-5779,1995-03-14 11:12:52,17,resources/fBKSEtoAbD.jpg
82,385,Matthew Mills,3-(854)640-2956,1914-05-15 21:42:35,162,resources/RkALWiybgj.jpg
83,92,John Cole,4-(632)197-1090,1949-11-18 11:58:51,46,resources/iLFMaOGSoK.jpg
84,175,Amanda Jones,5-(391)804-7774,1918-03-18 17:45:48,236,resources/cNUSZOwmsW.jpg
85,371,Michael Peterson,0-(805)399-4684,1925-12-06 23:02:40,129,resources/cbJLxyjHWv.jpg
86,59,Wayne Hansen,8-(161)089-2844,1913-02-13 13:56:44,101,resources/BfOpWgHtoY.jpg
87,20,Debra Simmons,5-(345)770-4201,1986-06-21 03:49:55,156,resources/derVzktxOS.jpg
88,487,Timothy Ross,8-(471)542-2238,1977-01-22 00:25:57,320,resources/zKTsUgWnuP.jpg
89,235,Catherine Nichols,6-(749)948-3597,1981-02-27 21:06:00,467,resources/dpUfOxheDK.jpg
90,294,Tammy Palmer,3-(163)850-7492,1916-02-09 22:08:32,13,resources/zZCwHsMUDK.jpg
91,32,Bruce Gardner,9-(969)512-6325,1963-09-02 19:18:11,384,resources/zKuAaWdlqZ.jpg
92,276,Roy Torres,6-(491)115-9469,1931-12-10 23:16:28,2,resources/LUzJeIbCdl.jpg
93,453,Andrew Ferguson,3-(838)840-6735,1996-06-11 17:37:11,240,resources/xaiBPMmJRd.jpg
94,466,Jesse Lawrence,7-(225)286-8516,1940-11-07 05:50:37,88,resources/SoutzqgDIl.jpg
95,624,Harold Hudson,2-(669)325-1350,1957-12-30 00:37:03,388,resources/pVbDwQrnhL.jpg
96,795,Shawn Morgan,4-(198)713-6518,1955-05-14 19:01:59,320,resources/eKxNpXGush.jpg
97,769,Ruth Watkins,2-(118)089-5228,1971-03-10 00:32:00,116,resources/DEyhieczVR.jpg
98,76,Betty Oliver,7-(863)498-7692,1926-01-17 01:29:55,471,resources/nJOCMiqvoR.jpg
99,397,Sandra Carr,7-(624)895-7590,1991-10-02 16:07:05,291,resources/qKwlvnOQNP.jpg
100,615,Irene Collins,0-(994)248-2524,1912-03-19 00:17:54,61,resources/axqszholNA.jpg
101,303,Beverly Hunter,7-(288)957-4578,1966-06-04 23:49:28,168,resources/XqMyBnkEHA.jpg
102,251,Carlos Edwards,8-(416)687-5464,1952-03-15 01:16:28,368,resources/MjJKBXnmEh.jpg
103,641,Nicholas Owens,7-(359)722-9597,1908-06-12 03:26:00,242,resources/uaDoOtinLs.jpg
104,126,Brian Lopez,9-(788)067-2730,1930-11-12 15:17:45,396,resources/ZfjKCkHiob.jpg
105,242,Debra Reed,5-(909)289-7144,1922-01-14 20:28:43,329,resources/NwMDsLimGC.jpg
106,732,Brenda Fox,3-(799)316-4201,1973-11-07 17:18:50,142,resources/yRTdpHMlxG.jpg
107,137,Shawn Harrison,3-(061)399-2356,1938-03-18 06:42:13,15,resources/COonPTbLie.jpg
108,82,Marilyn Ortiz,3-(732)941-3469,1903-08-29 23:16:38,357,resources/piHblEvjRg.jpg
109,783,Henry Little,0-(566)201-0522,1950-10-25 09:38:17,481,resources/RnuCTcPDgj.jpg
110,304,Gregory Sanchez,3-(060)339-8037,1963-03-11 08:13:31,164,resources/OpKjASTYvn.jpg
111,71,Jean Kelly,5-(408)443-5492,1917-09-20 18:23:34,386,resources/KOLYZjCkMA.jpg
112,561,Timothy Miller,1-(399)750-4934,1991-03-04 14:49:38,31,resources/khXetpisYK.jpg
113,146,Annie Gilbert,1-(414)719-4409,1990-09-27 09:23:53,347,resources/ArHpbtEZkC.jpg
114,524,Brenda Johnson,2-(851)304-6281,1940-04-29 17:54:36,301,resources/IyBhJsONlz.jpg
115,122,Angela Dean,7-(254)042-4489,1916-11-04 05:32:46,104,resources/YHFkpUwPaN.jpg
116,185,Juan Riley,1-(937)649-2961,1953-02-28 07:32:02,15,resources/SjFkJNAtcI.jpg
117,654,Judy Ramos,7-(633)379-6802,1908-09-13 17:40:48,323,resources/CSJKyOFfbc.jpg
118,792,Beverly Harper,3-(587)565-7696,1942-10-22 01:36:47,315,resources/yCjkzQqxWl.jpg
119,332,Julie Ortiz,1-(217)515-8375,1948-07-02 14:37:20,279,resources/MqzyeNFmGC.jpg
120,41,Ruth Cruz,2-(567)999-9289,1932-02-19 19:21:43,250,resources/yfqbrOnIhz.jpg
121,526,Kathryn Graham,5-(837)729-0292,1933-10-23 05:31:27,435,resources/TpdhUmREow.jpg
122,316,Martin Sanchez,7-(328)564-2050,1905-03-14 15:33:30,144,resources/gxPQdLqhGH.jpg
123,549,Peter Brooks,0-(211)444-3401,1900-09-15 07:28:02,104,resources/aSscpZwJlO.jpg
124,110,Shawn Morales,4-(705)596-7743,1973-08-03 09:01:53,309,resources/ZIpaKqGyTt.jpg
125,295,Donald Johnston,1-(477)007-0780,1987-06-08 00:20:28,462,resources/vyQVulBXbF.jpg
126,293,Larry Hayes,7-(754)078-5220,1931-05-24 08:28:26,162,resources/caSRzIPUBq.jpg
127,184,Mark Carr,8-(408)250-1699,1928-04-15 11:23:12,471,resources/OsFiVdRheQ.jpg
128,574,Rachel Schmidt,7-(187)491-6491,1991-10-04 02:19:24,290,resources/GbKmapYrVS.jpg
129,689,Judy Ellis,0-(392)076-9475,1961-01-07 13:23:45,494,resources/EPQSDJjwRp.jpg
130,411,Rachel Holmes,8-(716)469-4773,1904-06-12 00:10:57,26,resources/MTjpuPkygF.jpg
131,236,Sean Simmons,5-(493)156-8636,1929-07-30 06:11:49,441,resources/GrIDYHKtqJ.jpg
132,297,Randy Wagner,2-(726)447-2983,1995-06-28 01:47:42,493,resources/ANDISjJsWp.jpg
133,535,Frances Brooks,0-(895)389-6520,1985-03-21 14:17:14,61,resources/itrXlYzUFM.jpg
134,32,William Wheeler,8-(715)858-8752,1958-04-10 00:56:25,233,resources/YHVCiBbfyZ.jpg
135,30,Jimmy Ford,1-(213)389-2433,1960-04-22 19:09:57,131,resources/pzdECZjQgs.jpg
136,683,Albert Sims,2-(518)125-5296,1996-01-03 21:00:41,24,resources/stKnDvFZQm.jpg
137,369,Earl Burns,8-(691)962-2339,1992-08-21 04:28:30,39,resources/KNmZcLrMwU.jpg
138,383,Diana Dixon,3-(954)541-1465,1956-02-01 18:59:47,314,resources/IwxMQEiPtX.jpg
139,14,Roy Sanchez,6-(939)257-3944,1966-04-02 14:58:40,191,resources/BHUughyFRS.jpg
140,271,Diana Perry,5-(139)445-8584,1967-08-17 08:40:22,414,resources/mtsSGhQOnX.jpg
141,73,Carol Anderson,5-(609)732-8389,1992-04-30 13:55:36,243,resources/HwlSQaxRfT.jpg
142,476,Craig Garcia,4-(015)366-4603,1903-07-21 02:31:33,38,resources/JDFReqcxXL.jpg
143,678,Wayne Wilson,2-(300)402-7513,1980-04-29 07:20:11,413,resources/QtjfbhzdYJ.jpg
144,544,Terry Kelly,0-(775)651-1424,1962-06-24 08:35:50,76,resources/JRivbgVYZS.jpg
145,127,Ann Lopez,6-(108)837-8916,1979-08-07 01:42:06,13,resources/sxZjPailup.jpg
146,156,Wanda Roberts,2-(484)361-8619,1902-04-02 11:17:31,45,resources/jSNogYxdMr.jpg
147,222,Ashley Simmons,9-(358)287-7525,1902-04-17 04:36:51,141,resources/dABTOGfeHQ.jpg
148,202,Shirley Stevens,0-(971)608-0314,1990-10-18 16:23:07,299,resources/JHExltCQue.jpg
149,705,Victor Hart,2-(594)003-6936,1937-07-18 00:12:29,11,resources/RXptcviEAD.jpg
150,433,Daniel Cooper,5-(262)156-3755,1989-07-24 19:18:35,180,resources/cSXuPKakze.jpg
151,636,Louise Taylor,2-(848)979-2581,1939-08-09 12:26:05,83,resources/ylgHKTDkYF.jpg
152,503,Lisa Lopez,8-(381)538-3411,1942-02-18 13:18:26,444,resources/feXWcNKxrz.jpg
153,593,Daniel Mills,0-(554)805-2530,1919-05-11 17:10:50,19,resources/pXrSJtUzWm.jpg
154,687,Alice Harris,3-(624)129-3841,1984-08-02 09:52:55,296,resources/yoSqwVZeRB.jpg
155,139,Jacqueline Reed,5-(521)644-9723,1914-05-05 17:59:29,152,resources/opIsgLwRqu.jpg
156,580,Philip Parker,1-(505)901-3386,1973-11-28 02:33:34,490,resources/tOaLGzMyZI.jpg
157,97,Eugene Fields,0-(659)357-2257,1958-04-28 03:08:31,442,resources/wQTlCrMPRH.jpg
158,585,Johnny Nelson,0-(723)157-5657,1937-04-22 13:56:37,106,resources/vwFxpIXUYO.jpg
159,683,Jeffrey Scott,1-(249)936-6006,1953-12-24 20:20:40,4,resources/buHRsWtUXG.jpg
160,25,Keith Murray,7-(759)703-0259,1915-10-25 05:40:41,331,resources/GWrgdJtEqS.jpg
161,641,Robin Mitchell,4-(200)210-6937,1972-10-21 00:16:20,284,resources/zqRDstCEAw.jpg
162,657,Judith Kim,9-(490)482-1623,1958-04-03 15:17:35,149,resources/fBIqzOvtZc.jpg
163,277,Catherine Perry,6-(220)968-5997,1995-02-13 16:27:39,349,resources/XWdiJILcVj.jpg
164,259,Amy Russell,2-(407)889-1803,1929-05-30 20:54:23,182,resources/wxTXzbBlUA.jpg
165,600,Melissa Ellis,1-(100)630-7901,1977-11-09 12:00:40,419,resources/uFkjTKsCRQ.jpg
166,167,Joyce Rose,7-(127)355-8945,1901-06-26 17:46:46,22,resources/VXUKjezwAi.jpg
167,214,Betty Rose,3-(873)200-7344,1979-06-18 22:00:38,81,resources/iEBxALdajz.jpg
168,201,Melissa Sims,8-(602)211-0789,1912-07-12 19:59:21,472,resources/kXVBZQJFRg.jpg
169,162,Jimmy Powell,0-(861)018-3982,1962-11-09 01:18:40,37,resources/FNxbViMeJy.jpg
170,365,Joe Kelley,4-(042)070-4261,1946-03-13 16:45:30,261,resources/jmNcFUzPEK.jpg
171,745,Lori Baker,2-(723)524-3265,1973-04-02 08:18:43,15,resources/nEhzipumID.jpg
172,792,Laura Henderson,7-(446)521-1883,1962-07-21 12:50:24,189,resources/QuKMHrkYZP.jpg
173,535,Lois Wallace,7-(656)628-5948,1904-10-24 23:24:15,309,resources/KAFUcbegJs.jpg
174,602,Eric Austin,8-(392)787-5462,1953-04-07 05:33:41,263,resources/vsTIMxyePA.jpg
175,94,Shawn Henry,9-(344)516-2417,1975-10-06 07:46:44,359,resources/fwEMhcdTAX.jpg
176,707,Evelyn Romero,2-(200)549-0433,1938-12-25 17:28:45,119,resources/fVwMzNEjaR.jpg
177,721,Philip Hunter,1-(317)926-1571,1901-02-05 14:00:38,382,resources/ESpDqjYAIK.jpg
178,646,Robert Lane,8-(539)256-3303,1973-12-31 07:38:02,494,resources/KkSTsiPCxV.jpg
179,739,David Henderson,2-(548)104-7199,1963-01-14 19:00:27,59,resources/hJZmCHrDbB.jpg
180,123,Betty Lane,8-(354)570-0754,1913-11-30 04:17:28,499,resources/dWCsiIHqUE.jpg
181,431,Kathryn Harris,5-(391)872-2424,1975-04-02 21:45:40,92,resources/sXVSoFDved.jpg
182,598,Jerry Kelley,8-(462)823-4216,1956-05-17 10:57:29,288,resources/VQpzEROTNA.jpg
183,313,Jack Gordon,4-(712)664-4766,1948-02-19 01:14:34,391,resources/XDCxowleSB.jpg
184,493,Kathy Lawrence,4-(278)192-4666,1963-07-12 03:00:53,174,resources/RhsyALMZSW.jpg
185,80,Andrea Howard,8-(512)294-7492,1908-08-13 15:58:24,232,resources/QJdXCsiUnf.jpg
186,563,Rose Stanley,9-(044)757-3900,1913-01-07 19:11:53,389,resources/jsvMfdyYSF.jpg
187,645,Mildred Lawrence,6-(866)427-0308,1988-01-09 20:16:57,73,resources/HTXlVeELWB.jpg
188,52,Brenda Williamson,6-(687)837-5329,1981-08-10 20:21:27,155,resources/NQVPbhyUWl.jpg
189,542,Joyce Bowman,0-(205)651-4486,1905-04-04 14:55:08,220,resources/LfPAoYiKyz.jpg
190,554,Amy Reed,9-(402)861-0369,1909-12-28 00:41:27,298,resources/LMrhvJsqIR.jpg
191,361,Betty Garza,3-(120)128-0649,1929-09-25 16:08:23,317,resources/oUwrZLOtiu.jpg
192,36,Carol Austin,5-(390)574-4678,1903-11-13 19:44:22,414,resources/SJnGvCkgoz.jpg
193,127,Terry Day,5-(361)109-0768,1933-08-07 13:01:17,150,resources/dkRAIMvmoJ.jpg
194,47,Robin Dean,4-(580)708-6945,1949-04-17 19:06:11,115,resources/ZlhxgzmDLC.jpg
195,770,Christina Cruz,8-(892)549-8952,1933-11-04 19:53:06,477,resources/LOHrlKkauG.jpg
196,662,Patrick Fisher,1-(942)183-3564,1913-09-11 11:17:25,82,resources/wFpmYgMhPz.jpg
197,509,Justin Montgomery,6-(645)612-2870,1945-03-02 02:01:11,316,resources/sHYolDRbWm.jpg
198,52,Kenneth Hudson,2-(718)300-0182,1964-01-22 08:09:08,486,resources/ZbmPeyCUQs.jpg
199,530,Craig Hunter,4-(736)828-4796,1921-07-05 02:54:08,226,resources/TdhbywJsmD.jpg
200,570,Eugene Hudson,2-(271)360-0239,1958-10-01 23:08:42,31,resources/TzMAVBXrDL.jpg
201,628,Philip Sanchez,2-(433)311-8942,1931-03-28 07:58:24,425,resources/LuCanSiZYe.jpg
202,646,Brenda Murray,3-(056)624-7139,1972-02-25 18:56:47,480,resources/yRurxUKoNv.jpg
203,97,Michelle Lane,0-(481)764-9913,1953-01-01 05:40:11,458,resources/VreOBTumWD.jpg
204,404,Annie Hughes,9-(058)298-2479,1934-07-02 00:48:02,344,resources/HZlnmdbkeI.jpg
205,529,Heather Reyes,7-(413)442-9447,1951-06-02 14:11:34,238,resources/fmUjHXwCpS.jpg
206,682,Ernest Carter,6-(330)128-3514,1964-05-23 18:31:26,172,resources/FEeQqPbpOj.jpg
207,126,Peter Price,9-(477)814-5396,1907-01-28 16:36:11,275,resources/PhqGOIFzod.jpg
208,274,Stephen Wells,4-(587)541-3636,1972-12-09 16:36:15,194,resources/VYQJDEfaSl.jpg
209,365,Clarence West,0-(050)664-5395,1958-02-26 01:38:35,300,resources/CxLzNmrOGJ.jpg
210,67,Joyce Marshall,8-(150)574-1738,1972-03-20 15:35:43,239,resources/BuASlTVshR.jpg
211,288,Brian Walker,8-(995)517-9492,1937-05-05 07:23:52,162,resources/QoNrqKvRsu.jpg
212,169,Lori Mendoza,1-(783)174-2325,1910-04-05 14:31:01,132,resources/WgnuSvOjZw.jpg
213,416,Catherine Watson,3-(351)451-5755,1987-04-06 13:11:16,452,resources/HNmhZfygsz.jpg
214,752,Adam Smith,4-(884)183-4682,1901-09-10 07:41:28,495,resources/ZLdSVWDMfa.jpg
215,9,Kenneth Meyer,6-(519)878-7039,1901-12-23 13:47:39,224,resources/AvnFSfdshG.jpg
216,278,Richard Bell,6-(834)856-3336,1927-07-26 21:50:18,51,resources/pPejXWMamK.jpg
217,155,Emily Hill,0-(710)125-3139,1959-04-06 09:36:41,478,resources/kJfAGQSvhm.jpg
218,423,Dorothy Garcia,7-(560)060-5876,1995-02-21 14:16:46,387,resources/aOMAUvVbsE.jpg
219,267,Gregory Diaz,5-(054)025-3422,1904-07-05 18:29:21,22,resources/SAZQXTcFBi.jpg
220,227,Tina Stone,8-(068)355-2667,1963-09-08 08:12:39,443,resources/NpqkInOLPc.jpg
221,273,Angela Mitchell,4-(162)331-8311,1935-07-09 03:14:06,371,resources/sdChKGjLIi.jpg
222,328,Julie Miller,8-(160)759-2037,1989-09-25 22:20:19,118,resources/mizIYfKkGX.jpg
223,155,Russell Elliott,5-(695)641-5649,1916-11-01 05:05:43,464,resources/bXyEvrOmuc.jpg
224,157,Samuel Fernandez,8-(021)421-7220,1960-07-09 03:14:07,334,resources/IBhAXofzYu.jpg
225,122,Jessica Romero,5-(062)623-4166,1966-12-07 17:45:29,54,resources/UCtFfjnubx.jpg
226,445,Deborah Harper,3-(498)370-3891,1920-03-21 15:27:18,379,resources/xhcuPzfHGA.jpg
227,607,Andrew Spencer,4-(552)588-7114,1981-08-19 08:20:02,340,resources/nJjywxzlWX.jpg
228,587,Robert Ferguson,6-(669)319-5976,1930-05-27 23:45:47,394,resources/nYJfatgpOP.jpg
229,396,Shawn Banks,5-(284)434-6143,1990-01-18 11:43:17,410,resources/HdiYUsuQvx.jpg
230,159,Craig Meyer,0-(180)594-4714,1944-06-16 07:07:14,301,resources/YCVtchLQUz.jpg
231,4,Norma Carr,3-(397)049-5723,1930-12-22 23:47:43,97,resources/aAjwRCLIvY.jpg
232,748,Jesse Parker,9-(127)648-1529,1921-06-27 04:29:39,394,resources/NlvAKqZTMB.jpg
233,471,Irene Rivera,5-(928)143-7285,1917-05-19 07:28:53,126,resources/HdClJncfhR.jpg
234,408,Denise Harris,3-(244)550-7230,1956-01-01 09:50:29,88,resources/NYIRnsKlch.jpg
235,250,Wanda Cruz,5-(480)440-6676,1975-08-24 13:18:12,475,resources/HMARrKNwYJ.jpg
236,781,Robert Richards,7-(120)291-8732,1920-06-27 23:51:31,435,resources/dpWmgAoqiV.jpg
237,574,Timothy Walker,5-(527)557-0846,1934-12-03 11:23:56,23,resources/EXUmjgusHC.jpg
238,264,Judith Anderson,5-(389)467-5161,1964-02-13 23:47:44,56,resources/GpxntzIZeK.jpg
239,373,Martin Meyer,0-(688)881-0935,1916-01-22 13:55:25,139,resources/BLydPfbhMD.jpg
240,741,Jason Cruz,3-(032)459-4544,1920-01-30 06:26:06,414,resources/FCAYSKaeZi.jpg
241,597,Karen Wilson,2-(009)689-3583,1906-08-22 23:30:36,468,resources/kRUlESzuPg.jpg
242,221,Antonio Rodriguez,6-(011)667-0049,1964-07-08 15:27:54,323,resources/yODdrnsxAt.jpg
243,631,George Powell,4-(048)891-7020,1927-11-20 18:07:53,133,resources/drMzDJvAQS.jpg
244,792,Andrew Stephens,4-(275)740-5085,1931-02-28 18:26:15,484,resources/kqmWHJIgxP.jpg
245,491,Jesse Green,6-(035)453-0761,1909-03-11 11:47:26,401,resources/snZdrADSGa.jpg
246,488,Diane Stephens,0-(072)661-6120,1967-10-30 02:08:02,63,resources/LkKBycfPAX.jpg
247,70,Antonio Grant,3-(966)075-4184,1924-01-15 15:23:47,19,resources/qENTLnOfpg.jpg
248,116,Maria Morrison,9-(943)522-4342,1978-06-19 22:33:48,445,resources/CLEApvZbId.jpg
249,308,Larry Thomas,2-(050)884-8023,1940-08-06 16:10:56,358,resources/oCZFkQtmbI.jpg
250,719,Carl Ross,9-(366)854-5771,1959-06-03 00:24:13,154,resources/vzHYZIShyk.jpg
251,437,Lillian Rodriguez,2-(786)772-1086,1944-09-07 16:41:23,420,resources/dmpBfCNGhu.jpg
252,501,Henry Clark,5-(822)175-4578,1960-07-30 05:22:52,107,resources/vrnhPdCMGF.jpg
253,326,Patricia Henderson,1-(440)123-6528,1950-07-03 04:08:03,195,resources/tbAKeTacMN.jpg
254,155,Terry Stone,8-(436)520-1534,1958-10-17 17:44:13,168,resources/vVMawOIURz.jpg
255,401,Sean Gardner,2-(305)171-2030,1906-01-03 19:14:39,170,resources/bGFyNhEYRA.jpg
256,375,Joyce Flores,5-(217)542-7637,1926-06-18 18:51:07,10,resources/jyxRDhpasr.jpg
257,755,Betty Diaz,2-(449)636-7446,1991-10-06 18:43:42,400,resources/QGqUlvDfAs.jpg
258,341,Harry Freeman,7-(447)730-9641,1955-03-16 18:45:00,136,resources/mYSxGDCvfZ.jpg
259,252,Jimmy Cruz,9-(459)085-4069,1993-02-23 00:17:07,315,resources/FDsgKcoSvt.jpg
260,67,Jerry Crawford,0-(535)111-9603,1947-06-18 02:45:36,394,resources/GMVJWhgjKD.jpg
261,745,Robert Kennedy,0-(912)334-2743,1970-04-26 03:06:56,152,resources/rLeVdUBkPz.jpg
262,646,Edward Alvarez,8-(666)377-6188,1930-08-14 20:34:10,325,resources/dWGDyYFcNe.jpg
263,512,Russell Ross,5-(990)156-4899,1918-05-23 20:25:01,297,resources/rvhDsyQbej.jpg
264,354,Jack Nichols,9-(432)742-2855,1980-07-09 20:24:32,439,resources/RtxBzDOUdC.jpg
265,14,Margaret Carr,7-(288)360-2776,1935-09-17 05:52:29,297,resources/qcNrEGIPAp.jpg
266,28,Billy Richardson,1-(692)528-6491,1985-03-11 13:25:13,285,resources/IePJXnKaLb.jpg
267,113,Kenneth Duncan,9-(403)817-9896,1995-10-21 05:36:18,88,resources/mgUceMwbTP.jpg
268,251,James Stephens,9-(032)726-5106,1967-06-17 08:29:16,388,resources/rXUSjePtpD.jpg
269,453,Jack Hanson,5-(328)340-9046,1935-06-21 14:52:42,452,resources/nhUDTEVpRJ.jpg
270,147,Dorothy Mcdonald,8-(853)565-7753,1965-07-17 09:05:43,54,resources/nhqTdMDJkU.jpg
271,77,Diane Warren,0-(096)625-0782,1921-03-06 05:34:54,99,resources/ryRHkUiVug.jpg
272,583,David Porter,8-(000)110-7920,1930-04-23 09:59:30,281,resources/xJbkywVEAD.jpg
273,467,Jimmy Morales,6-(057)414-6518,1979-08-14 23:37:39,70,resources/yzHEZpguWC.jpg
274,489,Jimmy Matthews,2-(814)303-2466,1919-08-17 10:25:25,340,resources/TkJhRutrQj.jpg
275,699,Sharon Hansen,1-(777)725-7058,1966-04-06 12:08:21,134,resources/dOeuyBjxVz.jpg
276,329,Matthew Medina,8-(981)124-0537,1955-09-10 04:11:19,194,resources/CMVzUapvrx.jpg
277,628,Susan Sullivan,5-(750)482-0238,1983-10-15 07:37:37,364,resources/fObCdDgnAv.jpg
278,66,Martin Little,8-(916)156-0203,1914-03-30 03:25:40,253,resources/fuaMAEsLlV.jpg
279,479,Anna Moore,5-(103)125-8519,1939-08-27 00:47:34,377,resources/qiAJfEsOLh.jpg
280,707,Henry Willis,1-(443)350-4438,1903-12-19 22:16:17,44,resources/KHzrlyqktD.jpg
281,638,Jonathan Moore,6-(882)728-2060,1930-05-01 20:58:50,469,resources/OhuYyJExqo.jpg
282,290,Jonathan Ruiz,5-(486)212-9116,1907-05-26 13:38:13,493,resources/PeYSdsRrgo.jpg
283,757,Stephen Pierce,0-(200)851-0002,1932-07-17 10:14:51,419,resources/lXMGrigZDq.jpg
284,719,Kathleen Owens,4-(001)733-9936,1900-07-21 09:30:43,250,resources/EVXDMhgePA.jpg
285,372,Jack Mcdonald,0-(813)593-9040,1900-08-14 00:05:40,388,resources/gWRxUIeATj.jpg
286,585,Gregory Garza,4-(994)435-7420,1906-02-02 10:34:07,136,resources/pizRcbeHTL.jpg
287,637,Ryan Roberts,5-(997)792-5694,1977-03-18 20:14:33,410,resources/QkGXobYOKv.jpg
288,697,Katherine Grant,6-(575)230-9702,1985-04-03 11:25:29,474,resources/UMYcqAdhKB.jpg
289,142,Kelly Perkins,3-(754)775-7991,1968-11-10 20:23:13,62,resources/RbhlHyTfMX.jpg
290,611,Henry Oliver,5-(283)547-7225,1938-01-15 01:46:39,223,resources/rkUequJDYI.jpg
291,150,Steve Ortiz,5-(795)044-4718,1984-10-24 03:15:34,220,resources/xwZvEHsQfJ.jpg
292,726,Nicole Little,9-(172)485-2042,1980-04-25 20:07:09,346,resources/OUlEhLWTCe.jpg
293,90,Amy Shaw,7-(457)506-6246,1900-07-20 22:17:05,100,resources/jwhRWteZac.jpg
294,81,Gregory Graham,4-(330)437-1931,1928-08-22 18:11:37,77,resources/emrVLHyjNO.jpg
295,723,Linda Garza,8-(056)598-4975,1961-02-07 22:18:42,150,resources/UNXzMfwayR.jpg
296,125,Annie Daniels,4-(046)255-4029,1925-08-16 19:33:48,324,resources/iBXJFwLpCM.jpg
297,185,Judith Mills,9-(201)572-6691,1943-04-18 02:18:59,240,resources/olrZcEnDXO.jpg
298,336,Sara Ramos,3-(918)256-1935,1968-10-19 05:01:58,317,resources/jxWkMDCPpR.jpg
299,35,Roy Wheeler,0-(171)045-2466,1926-03-21 13:51:39,239,resources/nXwPgtFihc.jpg
300,493,Cheryl Alvarez,2-(552)969-8145,1968-11-21 22:15:07,280,resources/MKJRWwSnbY.jpg
301,477,Carlos Stone,4-(007)944-8048,1991-09-07 17:49:52,365,resources/ztRqfTomjr.jpg
302,752,Eugene Smith,6-(563)458-0533,1973-08-15 13:05:40,443,resources/jmxKnYgiSq.jpg
303,576,Shirley Ferguson,0-(997)805-8513,1921-06-08 11:37:26,493,resources/SBUTaHDtAu.jpg
304,484,Ruby Johnston,6-(480)186-0832,1951-12-27 18:45:54,78,resources/AkNwRqtHIT.jpg
305,395,Barbara Baker,7-(268)266-1934,1943-04-18 10:19:42,153,resources/EjzUVTNFBQ.jpg
306,190,Carlos Reyes,6-(583)800-7126,1972-06-04 02:50:43,221,resources/JXUenAVWwt.jpg
307,705,Albert Smith,4-(358)242-7140,1916-08-18 02:22:10,24,resources/VzXUdtWkqQ.jpg
308,518,Nancy Armstrong,0-(122)238-2454,1905-02-12 16:07:50,484,resources/pGgQDRxKuL.jpg
309,404,Karen Frazier,3-(508)848-1600,1912-02-20 02:57:28,30,resources/NzhXHFpZEG.jpg
310,34,Lois Williams,8-(004)939-4329,1936-02-05 15:28:33,240,resources/cuJRsnSmot.jpg
311,230,Donna Perkins,1-(919)059-2614,1920-09-13 22:02:44,83,resources/rTMjKLNneg.jpg
312,673,Kathleen Hall,0-(879)562-3217,1975-05-08 01:05:47,283,resources/tkyMZwAeap.jpg
313,286,Margaret Fowler,6-(605)676-4475,1994-08-06 17:25:45,459,resources/BsFyZAWxui.jpg
314,707,Diana Lawson,6-(687)487-8258,1941-01-11 21:05:23,287,resources/vaATBKXjLR.jpg
315,452,Justin King,2-(760)640-1408,1929-12-19 19:46:59,426,resources/yiqkFobseZ.jpg
316,154,Mary Vasquez,4-(384)065-4479,1935-08-30 09:38:40,458,resources/PdchiFnTGL.jpg
317,394,Amanda Austin,3-(490)114-8095,1990-10-31 02:13:06,183,resources/WiLIoUdaVg.jpg
318,697,Lisa Patterson,7-(089)282-0036,1934-03-25 04:36:13,32,resources/iTLufNHgAx.jpg
319,448,Gloria Hunt,1-(840)445-8449,1909-03-13 17:31:35,269,resources/hkCopqLBdD.jpg
320,437,Janice Young,3-(719)556-6121,1906-12-12 18:12:06,267,resources/OntXpbfUeu.jpg
321,390,Jeremy Stevens,6-(473)121-0253,1978-11-12 00:47:19,479,resources/DbIcCTJzks.jpg
322,405,Sandra White,8-(352)476-9744,1971-10-22 00:55:13,403,resources/PUJCBsynqN.jpg
323,26,Edward Miller,3-(142)544-3875,1952-10-10 01:06:18,200,resources/qosbLwmkUa.jpg
324,345,Craig Murray,4-(441)123-0905,1967-01-21 15:50:59,113,resources/HwMnRrUdZT.jpg
325,459,Samuel Dunn,8-(202)518-2307,1947-01-31 13:58:34,143,resources/LqrpeIugaW.jpg
326,341,Juan Hayes,1-(910)556-0559,1960-06-22 01:47:48,89,resources/SRhkxlfIOC.jpg
327,25,Gary Lynch,3-(464)893-0030,1911-08-01 23:50:48,228,resources/qyrSIGtfNu.jpg
328,639,Sara Walker,7-(056)362-5734,1947-10-12 11:52:44,152,resources/gJmjqCyEVP.jpg
329,171,Amy Barnes,5-(092)557-1073,1907-05-05 08:53:00,162,resources/sVDYNBqtjy.jpg
330,246,Matthew Young,8-(578)234-6405,1945-03-24 21:01:30,481,resources/lgfpwVCBIZ.jpg
331,282,Michael Mcdonald,2-(703)962-6964,1947-05-30 12:06:05,308,resources/fzqIUhJMiw.jpg
332,414,Jane Bell,7-(386)177-5307,1917-06-02 19:48:16,167,resources/jTdUDfWgGI.jpg
333,614,Carlos Hicks,3-(943)172-9739,1987-03-20 07:25:30,66,resources/FXGRHwWdye.jpg
334,583,Stephen Spencer,8-(111)007-7423,1914-11-20 17:30:29,134,resources/tdcABfFjzD.jpg
335,664,Joyce Collins,8-(485)399-3485,1912-02-02 18:04:12,422,resources/bKISMdUvkF.jpg
336,124,Tammy Graham,9-(750)935-1773,1981-08-31 16:28:18,355,resources/TmAqrcMpfa.jpg
337,576,Jean Murray,8-(381)211-5341,1948-11-13 23:44:26,309,resources/slUIuJvmVA.jpg
338,794,Frances Sanders,9-(871)192-5462,1944-12-04 16:16:05,79,resources/WknAmaFuTO.jpg
339,737,Kathryn Ross,9-(360)900-1387,1924-07-04 22:47:04,380,resources/HVMygKTiYt.jpg
340,445,Rose Gutierrez,4-(548)682-7161,1934-04-10 08:54:41,152,resources/RayYQUvkMl.jpg
341,314,Susan Burns,4-(955)391-9330,1942-01-02 08:03:57,380,resources/sWztwHjDoU.jpg
342,562,Virginia Alvarez,3-(064)697-6092,1956-04-27 02:58:34,457,resources/DOnegxHEYV.jpg
343,305,Mary Simmons,1-(886)227-3662,1965-02-04 19:03:06,66,resources/FujvoycgOC.jpg
344,567,Martha Russell,5-(485)378-9467,1904-07-12 19:52:48,232,resources/PuEGLOBFkh.jpg
345,140,Catherine Russell,3-(602)202-7572,1990-12-30 15:10:01,464,resources/hsMPYBKUDG.jpg
346,702,Debra Gomez,3-(228)291-7614,1971-11-08 16:28:57,375,resources/XsdVhHevQi.jpg
347,641,Anne Jackson,7-(273)937-6546,1907-01-06 19:05:57,296,resources/DwOuinofIC.jpg
348,599,Richard Ortiz,7-(597)449-7144,1918-04-03 13:40:21,491,resources/bfiANCultZ.jpg
349,182,Raymond Fields,4-(740)800-9103,1963-07-13 16:24:26,343,resources/gRpYJfPxXN.jpg
350,564,Sandra Ford,4-(499)975-1682,1937-09-01 06:31:02,412,resources/YnhGMmlJcg.jpg
351,551,Christopher Hill,1-(312)570-7610,1910-02-05 16:24:02,300,resources/dJLqcZNihX.jpg
352,259,Robert Wheeler,7-(588)078-3429,1968-07-27 13:58:30,182,resources/RlUnyLhKbM.jpg
353,137,Jennifer Murphy,6-(594)041-9879,1930-06-18 19:07:13,384,resources/vXCJqEajQV.jpg
354,173,Patricia Thompson,4-(634)582-7889,1942-04-06 04:03:11,82,resources/SDyZnLaYsT.jpg
355,120,Mary George,0-(604)571-3699,1935-01-30 23:42:48,99,resources/OtfuDjJFoQ.jpg
356,301,Michael Cox,7-(093)346-8401,1976-10-10 12:43:34,477,resources/HxOwqPUpzY.jpg
357,793,Catherine Webb,8-(027)868-9618,1957-06-27 18:19:14,272,resources/hNGCTArknm.jpg
358,109,Beverly Hamilton,8-(735)794-9839,1904-11-27 17:54:38,92,resources/uVjLUzqeFG.jpg
359,602,Larry Flores,9-(904)979-3749,1978-05-19 02:29:00,387,resources/MJvzUOyxaS.jpg
360,728,Anne Alexander,5-(866)441-4703,1938-10-06 18:43:29,371,resources/RDuPKyphOG.jpg
361,488,Sean Watkins,2-(007)454-4071,1909-12-18 16:36:26,496,resources/ZrmIECohSD.jpg
362,484,Frances Henry,0-(414)913-8551,1986-09-28 19:55:00,461,resources/QSrlgZoaEe.jpg
363,650,Carl Wood,9-(686)472-8307,1924-01-24 18:49:36,451,resources/tEvDbjZuep.jpg
364,743,Lillian Schmidt,8-(236)842-6482,1924-03-09 02:30:58,346,resources/DUkxgvnFCz.jpg
365,96,Emily Lopez,7-(803)751-0421,1915-08-01 21:16:10,92,resources/DCRucPIyBL.jpg
366,544,Gregory Gray,1-(291)332-4146,1927-08-17 07:34:01,305,resources/FILuOjGRvU.jpg
367,366,Jeremy Grant,1-(501)590-4194,1934-04-05 15:03:41,480,resources/EYIkRJcQMS.jpg
368,478,Edward Arnold,7-(385)408-4220,1959-01-07 02:37:07,185,resources/vJdLNbSeYQ.jpg
369,752,Richard Moore,6-(383)268-2773,1978-12-29 12:47:32,317,resources/HhjxaMwFpN.jpg
370,714,Gloria Brooks,2-(560)082-7859,1913-04-01 01:06:12,159,resources/NWvygTPptA.jpg
371,321,Ryan Gordon,1-(678)277-8945,1951-02-20 09:34:39,421,resources/GPOcItpFBs.jpg
372,321,Christina Cooper,0-(888)213-2755,1992-03-09 14:34:42,121,resources/PIeliAabun.jpg
373,225,Johnny Green,8-(601)970-5835,1972-03-29 16:27:00,131,resources/YtqzXHLfcO.jpg
374,157,Gloria Ray,9-(917)381-1242,1925-08-10 01:37:15,44,resources/LWpKAiylwh.jpg
375,113,Deborah Ellis,4-(116)719-7450,1928-11-08 02:14:06,464,resources/WjzLlSRosm.jpg
376,512,Rose Morrison,3-(437)471-0767,1991-08-08 15:33:41,404,resources/ZsVzYUjEJf.jpg
377,692,Robert Thompson,0-(183)866-2456,1959-01-21 05:23:30,239,resources/oyGATatESV.jpg
378,2,Eugene Edwards,8-(268)817-4997,1974-01-22 21:42:37,70,resources/WUTpgKobif.jpg
379,304,Frances Hawkins,3-(123)783-5582,1943-03-07 18:41:57,281,resources/UTxQpkJHDz.jpg
380,47,Carol Ruiz,3-(922)336-8549,1944-09-19 06:26:41,198,resources/XrqWOTmyLk.jpg
381,667,Gregory Mills,6-(161)375-6480,1991-07-23 02:21:50,341,resources/uRGIBpZaEx.jpg
382,410,Donald Russell,9-(350)926-0358,1918-05-03 05:50:57,145,resources/DFJQAyiYgL.jpg
383,489,Daniel Chapman,0-(125)004-3740,1953-06-08 23:08:38,24,resources/ksxdWuzUYA.jpg
384,442,Margaret Stevens,4-(539)376-7412,1993-02-07 00:50:25,115,resources/ylVIePYWCL.jpg
385,289,Jack Diaz,0-(396)240-3120,1928-04-06 00:46:00,19,resources/rcRjxDHviE.jpg
386,92,Patricia Rogers,9-(856)303-9099,1950-07-17 06:53:03,366,resources/pLfnuXPhZc.jpg
387,378,Catherine Cruz,3-(676)906-5068,1952-09-11 07:18:44,175,resources/WXgyLHvTjG.jpg
388,787,Julie Ross,8-(034)586-6808,1909-10-30 06:36:39,8,resources/PXTkwatIeZ.jpg
389,481,Joe Snyder,8-(432)410-9713,1916-03-13 09:34:03,416,resources/nQAEiNgLWo.jpg
390,484,Ryan Alvarez,5-(242)511-2024,1932-01-21 23:36:39,283,resources/kpyPawDURl.jpg
391,66,Michael Walker,6-(615)178-9183,1971-08-06 21:31:13,269,resources/VfbEsPZxuA.jpg
392,714,Larry Morgan,2-(315)426-3292,1957-07-20 12:54:04,245,resources/enolLJkXWN.jpg
393,735,Gary Gomez,0-(434)996-4740,1948-03-07 00:42:45,325,resources/xnhQAdajGR.jpg
394,365,Diane Gardner,8-(199)733-1942,1979-07-28 07:09:44,258,resources/edtuMfrFPX.jpg
395,343,Brian Hansen,2-(070)529-7713,1958-12-27 09:58:21,18,resources/yZlNEFPYGw.jpg
396,252,Earl Palmer,9-(980)398-8119,1908-01-21 07:43:26,447,resources/TkJlhFQqdj.jpg
397,602,Ralph Fowler,0-(419)552-8382,1934-05-21 08:45:45,20,resources/YvzQTaVRpl.jpg
398,452,Andrew Morrison,8-(085)253-9563,1954-05-31 20:22:28,200,resources/mvbAPktdOf.jpg
399,150,Elizabeth Morrison,9-(224)097-3696,1959-03-29 16:21:25,46,resources/YgmWsDvwSV.jpg
400,145,Steven Murphy,6-(055)468-5123,1954-03-31 12:31:59,451,resources/ZHlSsozuxj.jpg
401,396,Phillip Parker,7-(583)887-8491,1948-05-13 00:21:54,460,resources/AtNeCobTul.jpg
402,312,Sara Wheeler,4-(882)341-0304,1933-10-26 08:05:18,73,resources/uawlCybdVk.jpg
403,578,Donna Little,8-(373)705-3398,1989-04-07 19:33:51,132,resources/uoIirNTYdj.jpg
404,242,Judith Meyer,5-(083)376-3706,1922-03-25 06:07:37,178,resources/LGqQFamJIT.jpg
405,15,Billy Reynolds,1-(054)414-7865,1978-04-17 09:22:00,325,resources/kZQmxEgWJG.jpg
406,551,Judy Williams,4-(973)376-9634,1910-11-08 19:18:32,364,resources/cfUiFxpuGh.jpg
407,149,Virginia Franklin,9-(340)828-8563,1915-12-22 18:00:51,241,resources/OzToiqIUbW.jpg
408,282,Mark Ferguson,0-(604)463-1579,1961-01-14 09:08:20,272,resources/EYOsUFhLvX.jpg
409,659,Gloria Hayes,9-(602)498-5823,1940-01-12 18:32:58,115,resources/zWKQwIkVYC.jpg
410,510,Benjamin Little,1-(912)286-5280,1954-04-08 02:37:51,461,resources/seFTuXnmCE.jpg
411,2,Angela Reynolds,2-(381)592-1048,1975-08-20 08:40:14,74,resources/NKSzEPwLcG.jpg
412,185,Bruce Reyes,7-(117)751-5046,1976-10-07 11:25:03,128,resources/ZjfOAdTxkS.jpg
413,591,Teresa Bishop,5-(393)489-6466,1936-06-13 11:39:27,245,resources/HBQKmvGLik.jpg
414,478,Janice Ellis,7-(310)848-4643,1933-04-19 13:18:14,492,resources/XfYzHZbgEk.jpg
415,299,Melissa Anderson,9-(597)864-3562,1948-11-20 06:13:35,387,resources/BDOlJVEbGk.jpg
416,38,Lois Murray,3-(281)387-4910,1937-06-18 20:30:04,248,resources/fMUbyZTpxV.jpg
417,532,Martha Payne,8-(300)856-0251,1932-06-26 09:23:06,221,resources/futMQxeAzZ.jpg
418,258,Arthur Wells,5-(618)160-7023,1981-06-25 14:58:48,455,resources/ujQecTYPAs.jpg
419,570,Jeremy Smith,1-(610)758-3700,1909-06-11 00:05:15,4,resources/ThpbxqnaRy.jpg
420,779,Kathleen Ruiz,0-(602)199-7332,1940-10-08 22:50:03,441,resources/cXSpvgrTJO.jpg
421,619,Robin White,6-(397)125-8673,1964-10-04 01:36:30,79,resources/RlGDtLjpvr.jpg
422,302,Randy Harper,8-(916)214-0010,1948-10-25 18:41:47,394,resources/lGPYZhqIXV.jpg
423,112,Norma Davis,2-(670)091-4292,1962-05-19 22:22:04,65,resources/MuIimpRDeP.jpg
424,743,Ronald Marshall,9-(388)820-2340,1920-10-27 13:46:59,291,resources/toAkbGBUrK.jpg
425,370,Gloria Cook,4-(674)342-4010,1971-09-18 17:55:33,381,resources/FPABnjcMrl.jpg
426,397,Jerry Hawkins,3-(844)345-8213,1957-10-08 16:10:04,3,resources/CcIwMFuoKO.jpg
427,253,Shirley Black,9-(236)381-3500,1937-05-18 15:20:05,135,resources/AwNLxKWyHX.jpg
428,549,Margaret Hart,4-(096)511-8862,1969-07-31 18:36:05,316,resources/EajKOVYrwJ.jpg
429,678,Billy Pierce,9-(777)793-8122,1989-12-14 20:47:37,177,resources/AiUpbLBEwc.jpg
430,506,Christina Fisher,0-(359)060-0647,1912-02-07 18:25:07,177,resources/YFfOmIoCQH.jpg
431,573,Eric Cruz,6-(347)470-8444,1993-09-24 08:47:03,158,resources/SikcofdPeI.jpg
432,61,Ronald Warren,7-(749)096-3483,1911-04-26 11:46:06,151,resources/FAOnGQHJMw.jpg
433,336,Jeffrey Jones,1-(996)234-0070,1976-01-13 06:04:10,460,resources/bMSrnUTJCW.jpg
434,453,Michelle Reed,0-(783)174-6320,1993-04-27 22:27:15,369,resources/GSKRiQqOva.jpg
435,446,Jeremy Andrews,5-(552)130-9090,1901-06-24 12:47:54,219,resources/GJzLVAEUmk.jpg
436,680,Steve Kennedy,4-(936)644-9972,1935-10-14 16:16:45,166,resources/RaFCdIiKBc.jpg
437,492,Linda Gonzales,8-(575)502-8195,1990-05-05 09:13:01,380,resources/VuGUKpkIvY.jpg
438,27,Timothy Lewis,9-(802)321-9043,1956-05-13 17:09:31,243,resources/jxCLugkmiK.jpg
439,277,Nancy Cox,1-(236)542-1887,1942-11-06 10:05:57,70,resources/RdJMgGZIph.jpg
440,721,Alan Howard,6-(714)764-1407,1962-04-11 12:55:52,343,resources/WMsIThJrjl.jpg
441,161,Jennifer Greene,4-(014)673-6824,1950-06-06 18:32:45,248,resources/HDqawIZltP.jpg
442,348,Earl Harvey,1-(941)027-4518,1937-09-19 20:27:58,90,resources/tBIjcklxCo.jpg
443,599,Evelyn Harris,7-(854)826-5815,1936-06-20 13:15:59,363,resources/OICjbZnSzL.jpg
444,397,Ronald Stephens,6-(665)990-8826,1921-02-14 05:26:09,148,resources/tWNQSsdkOi.jpg
445,482,Steve Cruz,4-(568)271-9393,1922-03-13 21:23:24,118,resources/enYFCxwNkg.jpg
446,379,Jessica Peterson,2-(863)657-0906,1944-03-19 09:42:58,228,resources/mBAPQLRaCc.jpg
447,300,Jessica Schmidt,4-(096)792-4679,1969-04-09 10:23:59,128,resources/qcLOTmYDZN.jpg
448,698,Martha Rice,6-(818)203-4444,1924-05-03 00:14:32,486,resources/TQxoCcsSqG.jpg
449,185,Craig Lewis,9-(131)800-2934,1982-04-05 16:59:11,362,resources/pShodvYLxZ.jpg
450,543,Alice Hicks,1-(932)394-5170,1916-04-08 15:34:30,97,resources/HZSJaEnucC.jpg
451,579,Michael Ryan,9-(285)187-8594,1901-06-02 02:33:27,245,resources/qKdVwvJODo.jpg
452,195,Julie Ferguson,9-(978)291-4749,1947-12-07 17:34:12,300,resources/UZYpsjQoEb.jpg
453,410,Larry Hill,7-(540)272-2344,1907-05-05 04:20:24,92,resources/zYCFwWQPOL.jpg
454,726,Terry Henderson,7-(936)059-7831,1996-03-30 00:23:45,234,resources/PaGqWpJslf.jpg
455,92,Cynthia Mills,9-(827)382-8025,1969-06-25 06:51:40,222,resources/xAFbfliMUw.jpg
456,548,Louise Mendoza,7-(416)988-1553,1971-11-06 17:11:59,171,resources/slTEpkSVCy.jpg
457,199,Michael Fields,7-(794)160-9311,1921-06-30 05:21:12,139,resources/VvKnxYCWyd.jpg
458,139,Matthew Ross,8-(603)424-2174,1905-11-06 02:33:30,356,resources/cCBiWwDqVM.jpg
459,785,Howard Hayes,9-(596)346-3555,1976-03-07 21:59:06,105,resources/oZEPiYMWtv.jpg
460,481,Joshua Brown,4-(588)632-7892,1962-10-04 15:07:49,262,resources/UuKxaqTNvR.jpg
461,170,Jean Bishop,6-(564)705-3771,1925-06-06 04:27:38,322,resources/RPaJkNMnBg.jpg
462,493,Fred Hughes,1-(873)371-8230,1988-09-02 15:20:55,348,resources/scrUtoTYRL.jpg
463,475,Russell Simpson,9-(189)304-6179,1971-12-06 02:15:43,476,resources/LfIRXgbxWT.jpg
464,398,Jeremy Wells,8-(018)503-7698,1993-10-16 07:55:32,11,resources/noHgJqvViZ.jpg
465,728,Gary Cruz,0-(241)429-5985,1937-01-02 09:56:06,328,resources/NtakmOdGKZ.jpg
466,558,Bobby Graham,0-(559)347-6259,1962-07-21 06:30:12,130,resources/aVebkgljpd.jpg
467,41,Anthony Rivera,2-(716)153-1939,1939-10-16 18:59:11,463,resources/LRcrBuTJUS.jpg
468,313,Scott Ford,2-(456)585-8200,1906-10-30 23:51:35,447,resources/SwaQgKdsFo.jpg
469,781,Willie Hanson,6-(629)752-9466,1916-05-28 03:52:33,128,resources/QIcZhxCiab.jpg
470,615,Keith Payne,9-(906)018-5671,1972-02-07 20:20:28,88,resources/bVGFwkQvuZ.jpg
471,80,Clarence Hayes,1-(896)490-4608,1918-05-10 16:15:22,91,resources/aAQhyveYfp.jpg
472,194,Rachel Baker,1-(683)958-1424,1968-05-07 02:17:02,340,resources/rGuLReaBsx.jpg
473,4,Joan Riley,2-(081)453-3654,1961-09-07 23:33:59,329,resources/yLZxKqbihA.jpg
474,795,Rose Cole,7-(740)716-5604,1986-01-18 06:16:11,382,resources/EokpnasKxL.jpg
475,756,Louise Reid,7-(273)988-0651,1976-03-29 12:08:38,464,resources/tUqTpwHPZB.jpg
476,217,Kenneth Reed,2-(335)048-0817,1992-05-23 01:34:15,94,resources/JdevKxTCYF.jpg
477,701,Karen Riley,8-(204)740-7212,1946-12-06 17:16:43,224,resources/EujmHGSFPk.jpg
478,260,Debra Cook,2-(521)656-2844,1963-05-20 17:22:13,305,resources/SioxUaPsqz.jpg
479,704,Stephanie Greene,0-(816)840-3997,1904-05-17 10:42:48,47,resources/oWJqlYAEHj.jpg
480,206,Roger Kelley,0-(834)515-9444,1904-12-12 05:48:19,10,resources/gqcvyHWIui.jpg
481,492,Rebecca Hawkins,9-(246)604-9454,1956-06-26 13:29:16,97,resources/MIhPkiOgAu.jpg
482,562,Carlos Frazier,0-(918)946-7945,1965-10-28 05:55:11,124,resources/EzUfVbjXoI.jpg
483,148,Marilyn Gray,5-(009)892-0444,1954-11-14 10:09:44,72,resources/dFxtjBbfXS.jpg
484,635,Mildred Tucker,9-(199)352-0368,1916-01-25 05:06:18,425,resources/ycpjANCJZf.jpg
485,316,Phillip Morgan,5-(983)183-9105,1916-03-27 17:39:16,304,resources/rBNmAQoMOF.jpg
486,611,Melissa Bradley,0-(611)643-7425,1996-06-19 06:56:08,229,resources/LSrmHziOcX.jpg
487,306,Terry Hanson,8-(947)519-7165,1996-03-01 05:00:52,51,resources/PWaCQiILkF.jpg
488,246,Chris Burke,6-(428)839-0615,1993-08-16 11:41:27,150,resources/kdNHMhevtm.jpg
489,363,Shirley Phillips,9-(943)948-4765,1927-09-30 01:42:19,206,resources/zhEJKIDpWS.jpg
490,181,Ashley Spencer,2-(215)565-3385,1962-01-22 16:08:10,469,resources/ASgdIFeRlv.jpg
491,516,Bruce Young,8-(563)386-7574,1971-01-25 14:42:17,342,resources/DBvgWqYUPf.jpg
492,454,Steve Vasquez,8-(474)682-5227,1944-01-29 13:59:01,452,resources/aKfBOWCxIm.jpg
493,6,Julie Rodriguez,2-(365)402-1056,1959-05-17 01:21:26,44,resources/OQYonqthzl.jpg
494,556,Jennifer Baker,2-(798)773-5020,1990-04-30 21:36:19,217,resources/oDrCMmnGxh.jpg
495,134,Kathryn Richards,2-(136)066-6005,1954-12-29 19:58:17,187,resources/aVLioJkyOx.jpg
496,522,Carolyn Wagner,7-(554)875-1757,1923-12-06 14:05:06,230,resources/GmhdXHApbM.jpg
497,580,Donna Willis,9-(921)376-5910,1977-07-05 06:12:27,192,resources/mOCpfyHMoq.jpg
498,771,Wanda Payne,2-(108)526-3786,1918-01-18 01:21:35,138,resources/IryGxNdKMV.jpg
499,683,Steve Powell,7-(686)063-0768,1900-10-12 17:52:15,94,resources/whWDagmdpz.jpg
500,14,Ashley Sanders,2-(697)665-1729,1937-02-16 19:08:12,95,resources/MgLsjOSVoC.jpg
501,42,Emily Phillips,0-(445)535-4580,1950-08-19 09:15:54,391,resources/tDvnRUxBJi.jpg
502,334,Michelle Sims,3-(871)999-4220,1946-02-22 00:20:29,44,resources/wBkxzHKbum.jpg
503,333,Brenda James,2-(899)925-2329,1981-09-03 08:55:51,71,resources/GuWEtcldyH.jpg
504,631,Wanda Cruz,5-(339)303-8075,1933-04-03 09:44:37,361,resources/WcQzUHtaAx.jpg
505,22,Debra Torres,1-(219)632-4077,1956-07-06 20:41:43,342,resources/EtwbsYMDkO.jpg
506,476,Judith Brooks,3-(064)135-3527,1989-11-15 01:40:34,101,resources/xdEmOrfZlP.jpg
507,628,Adam Harrison,7-(346)006-2507,1903-04-22 21:49:34,426,resources/pQsTVjlKtF.jpg
508,220,Albert Phillips,3-(207)710-9067,1994-07-21 20:14:17,64,resources/hRZDrFuMKC.jpg
509,372,Arthur Berry,1-(040)073-6599,1975-03-02 12:02:27,312,resources/aJeUvrQpAK.jpg
510,350,Benjamin Welch,2-(610)328-4111,1961-05-29 03:06:25,316,resources/AntYzdpNJh.jpg
511,683,Kathryn Bryant,0-(890)324-7173,1923-10-30 04:36:05,124,resources/uxsZQndHtO.jpg
512,21,Russell White,3-(173)814-0768,1952-05-22 03:54:52,356,resources/pqmCWcRVSU.jpg
513,51,Bonnie Fernandez,3-(678)000-1246,1934-04-13 09:11:33,404,resources/gRIuwFXaBW.jpg
514,114,Judith Price,7-(794)344-2563,1973-03-23 20:51:58,34,resources/FvBneRmXsJ.jpg
515,494,Nicole Peterson,4-(621)214-4333,1945-11-05 00:27:49,352,resources/dWRYJiZGDl.jpg
516,86,Kelly Stanley,9-(055)218-0730,1941-03-05 01:31:14,13,resources/AoTyrseUhX.jpg
517,227,Janet Burke,3-(105)297-4222,1982-04-30 18:27:36,304,resources/TJXIdYyLGA.jpg
518,558,Johnny Lewis,1-(987)196-4851,1928-01-08 11:44:34,187,resources/TxPGijVERh.jpg
519,642,Louise Lopez,6-(630)564-8665,1970-04-21 20:08:28,483,resources/vQhgdeqxtr.jpg
520,468,Alan Sullivan,8-(350)639-4145,1979-11-24 16:42:59,402,resources/UEuCxTbdYt.jpg
521,116,Jonathan Jenkins,9-(146)444-4934,1972-12-03 18:24:09,93,resources/UiqfjvMclo.jpg
522,731,Eugene Meyer,2-(612)923-3927,1970-08-27 18:37:55,409,resources/xsNuMdObmn.jpg
523,231,Rebecca Parker,2-(589)039-9835,1902-11-19 16:03:53,416,resources/DNFHWxjEcL.jpg
524,639,Jimmy Bell,2-(283)169-5377,1901-10-21 13:43:55,444,resources/iylLazYUnW.jpg
525,742,Jane Parker,0-(433)178-8003,1973-03-30 07:57:58,74,resources/ZiUSwmGVun.jpg
526,778,Ruth Bishop,5-(046)381-4751,1913-02-04 00:38:56,33,resources/NlEIFkcvjz.jpg
527,141,Shawn Fisher,3-(129)402-6537,1981-08-30 19:15:16,102,resources/OhlnfSuARN.jpg
528,279,Brian Martinez,9-(894)626-9402,1963-06-14 19:03:40,477,resources/MsuXjpJgGD.jpg
529,35,Robin Banks,6-(425)218-3840,1991-05-27 09:45:05,62,resources/hwZBOuPkaN.jpg
530,18,Lois Romero,5-(096)740-6513,1923-09-23 09:58:14,10,resources/FgDjiuHOnw.jpg
531,120,Cheryl Moreno,4-(194)387-7809,1912-01-14 03:34:26,487,resources/cbAuCjnEBl.jpg
532,652,Lawrence Sullivan,9-(210)284-4747,1973-07-09 16:25:33,386,resources/iztcfFHsNl.jpg
533,152,Catherine Mendoza,7-(047)727-2472,1940-12-19 00:56:08,194,resources/pnefEZXlqY.jpg
534,712,James Baker,5-(298)277-8441,1978-05-01 05:55:39,412,resources/NvWhZlnIxM.jpg
535,24,Maria Flores,5-(463)124-4516,1921-08-16 04:48:34,93,resources/ZUNQAgrnwT.jpg
536,273,Jessica Black,8-(445)653-8987,1940-05-24 20:36:34,185,resources/wlcXSfvxBD.jpg
537,566,Chris King,2-(064)849-5404,1936-03-27 13:07:34,414,resources/ROTgKxnkmi.jpg
538,410,Johnny Palmer,8-(613)016-2728,1941-07-23 13:21:48,439,resources/cFZiStDfuq.jpg
539,320,Eugene Woods,5-(256)361-4528,1903-10-29 08:48:52,192,resources/nqUHRSaKvb.jpg
540,792,Jeremy Webb,3-(800)841-2839,1990-03-14 00:02:16,370,resources/rJcbXQaMui.jpg
541,377,Lois Clark,9-(265)369-1823,1966-07-09 07:27:33,481,resources/RAQOnkJvSV.jpg
542,70,Jonathan Fox,6-(123)110-0596,1922-07-21 15:22:53,374,resources/jmwHRIryzV.jpg
543,73,Patrick Wright,4-(609)355-1695,1986-11-26 08:58:42,465,resources/nZoifphaHx.jpg
544,697,Patrick Spencer,7-(854)607-8609,1994-10-25 21:06:59,449,resources/oXiTkPjnSH.jpg
545,643,Louise Hansen,0-(548)856-4346,1915-11-06 15:02:38,95,resources/uUpJeiLrEz.jpg
546,558,Beverly Mcdonald,2-(635)616-3911,1914-08-14 07:21:44,424,resources/AmnoiNzRTj.jpg
547,82,George Gomez,3-(801)771-7383,1934-05-19 13:01:26,280,resources/qUZizVMOga.jpg
548,666,Edward Elliott,9-(067)900-7282,1973-09-14 18:24:53,66,resources/ImgXdbSOMe.jpg
549,465,Eric Spencer,0-(513)977-1012,1963-01-10 11:41:31,377,resources/fFhoHspiUr.jpg
550,268,Frances James,8-(865)403-9478,1904-04-05 17:19:28,39,resources/qEdciCKtQP.jpg
551,589,Brian Little,9-(250)089-8415,1939-11-23 21:18:00,27,resources/PTdmVeqnQw.jpg
552,744,Diana Murray,9-(336)849-2105,1937-01-03 03:35:41,405,resources/IuVDsxSpBQ.jpg
553,483,Kevin Little,4-(235)695-5244,1953-08-05 14:15:20,337,resources/criMdnWZJq.jpg
554,416,Jesse Spencer,7-(405)430-3835,1917-01-22 21:04:40,212,resources/BqdOUNDyvn.jpg
555,557,Wanda Moreno,8-(272)552-4316,1956-09-23 07:06:45,445,resources/IHabiPeKAo.jpg
556,342,Brian Jackson,0-(902)763-8758,1927-06-17 00:16:30,226,resources/OSRfbaPEFv.jpg
557,680,Denise Hicks,5-(636)986-3610,1994-04-06 22:15:30,129,resources/QdniUmCKzs.jpg
558,499,Alice Roberts,8-(379)021-8089,1913-11-17 10:53:32,243,resources/cxedJpAFYB.jpg
559,447,Karen Butler,2-(197)246-0532,1934-01-12 09:16:30,445,resources/MksofRYpzX.jpg
560,519,Wanda Woods,9-(488)330-2761,1973-10-29 21:22:03,1,resources/UcxwGZBuEd.jpg
561,117,Linda Reynolds,3-(203)887-6245,1964-12-15 05:42:09,160,resources/mcXveZjgxP.jpg
562,630,Rachel Rose,7-(263)451-3449,1956-07-14 07:51:00,120,resources/kKwvYfOcLW.jpg
563,286,Nancy Henry,8-(105)246-5916,1955-01-21 01:36:14,387,resources/tNJaOHhGWA.jpg
564,524,Lois Hanson,4-(207)349-2949,1933-06-24 09:19:59,315,resources/ApWwsNHFtn.jpg
565,367,Jonathan Nguyen,6-(119)077-9932,1923-06-24 06:14:55,254,resources/yQRPiBCqlo.jpg
566,154,Jason Hansen,6-(627)695-1380,1988-03-21 01:02:57,491,resources/KcZEjhgmSb.jpg
567,107,Jacqueline Gonzales,7-(220)454-5717,1930-12-04 20:38:53,445,resources/uSADJlPvRL.jpg
568,720,Douglas Rodriguez,6-(846)441-2104,1917-04-28 01:19:13,386,resources/yDhjlQFrkG.jpg
569,554,Jacqueline Crawford,8-(052)793-1630,1967-11-26 08:03:49,60,resources/uraFAsnBtx.jpg
570,152,Mary Jones,7-(943)531-7208,1944-07-17 17:53:02,495,resources/HkMfbqKQoE.jpg
571,759,Teresa Young,2-(663)290-2684,1985-04-06 15:07:33,443,resources/krXITzQybC.jpg
572,740,Rose Murray,6-(447)080-4248,1941-09-24 15:11:59,480,resources/hKPbFdjRuM.jpg
573,62,Joshua Hamilton,0-(883)622-8375,1915-11-12 09:36:00,57,resources/qEkwXcRSan.jpg
574,215,Andrew Payne,5-(211)432-3238,1965-05-21 01:20:20,48,resources/RgqElMhotI.jpg
575,489,Julia Ruiz,7-(218)898-9821,1935-05-24 20:47:36,29,resources/yKOmeCilXA.jpg
576,317,Donna Murray,0-(315)989-7308,1941-05-10 07:35:48,343,resources/PSHCdoiFYV.jpg
577,116,Brandon Weaver,2-(861)962-0207,1986-07-16 18:33:10,363,resources/VXyoBWFshb.jpg
578,633,Jonathan Stewart,4-(759)439-0851,1902-08-14 16:14:42,242,resources/VmNWGCslzo.jpg
579,655,Richard Sullivan,4-(301)253-1198,1902-08-17 03:52:54,24,resources/jPsYzqLIgC.jpg
580,5,Jean Nichols,1-(312)642-2474,1911-02-22 10:23:34,190,resources/fBovHAmeLx.jpg
581,425,Janet Bennett,4-(744)101-2237,1958-02-21 23:23:00,212,resources/PLEAovYzqQ.jpg
582,521,Jack Rivera,6-(412)830-4422,1941-07-30 07:18:20,89,resources/LFaMpuhQTA.jpg
583,116,Harold Adams,3-(597)182-3152,1987-06-16 22:07:24,208,resources/cpNuyvRWiO.jpg
584,28,Matthew Peterson,1-(262)951-8970,1949-05-02 07:31:10,449,resources/MxvUCcGoBW.jpg
585,12,Susan Bell,5-(086)560-4006,1925-02-01 16:18:44,432,resources/tWJyuaGUql.jpg
586,132,Catherine Cook,2-(045)298-5084,1922-08-25 17:27:30,64,resources/VjvfNZlucP.jpg
587,251,Jane Kelly,6-(764)882-9779,1993-04-11 23:19:03,245,resources/sGgjyLkPZh.jpg
588,363,Cynthia Harper,4-(410)634-3713,1925-06-13 04:37:46,264,resources/PthAvdIWLN.jpg
589,364,Sara Hall,9-(267)995-8917,1971-12-15 02:10:57,331,resources/ezsFudixVm.jpg
590,517,Virginia Stanley,5-(993)465-4133,1992-01-31 11:24:04,493,resources/KNorJwkthX.jpg
591,411,Judy Ferguson,3-(739)514-5615,1914-09-30 16:03:11,344,resources/yapOwrSHIf.jpg
592,481,Rose Bishop,7-(370)743-4501,1995-12-31 00:59:12,444,resources/SlktgAKyHo.jpg
593,613,Aaron Young,5-(770)344-8827,1901-06-23 19:12:54,357,resources/sqDEokyOal.jpg
594,462,Deborah Dixon,3-(958)681-0822,1909-06-01 22:19:45,333,resources/oCERigWvqz.jpg
595,53,Joan Riley,9-(184)410-6459,1914-01-23 07:20:00,372,resources/XMIcQtyDpg.jpg
596,534,Jane Ruiz,7-(828)356-9520,1924-02-25 17:50:16,335,resources/RTuDPUiYrn.jpg
597,534,Diana Fox,4-(610)242-7974,1928-12-16 20:57:27,465,resources/fCceNpqAmE.jpg
598,499,Randy Stephens,6-(443)289-6563,1928-08-27 21:54:40,159,resources/bRcVoBQMqk.jpg
599,313,Terry Roberts,3-(440)661-8218,1902-08-28 05:17:58,185,resources/qwrGLZhDEI.jpg
600,474,Melissa Rivera,4-(099)154-4431,1948-06-22 15:24:00,310,resources/WMVKFOzXod.jpg
601,735,Christine Walker,1-(925)338-4362,1908-05-29 12:53:21,304,resources/TkLnPDWfgx.jpg
602,627,Wayne Miller,2-(232)580-3783,1932-10-06 12:09:08,471,resources/jNYKgDPkBQ.jpg
603,112,Ronald Ray,4-(447)565-5435,1982-09-04 12:13:03,213,resources/NSxqGpabAh.jpg
604,456,Catherine Simmons,7-(723)929-0643,1957-07-31 17:34:32,12,resources/ydLOwhSuaF.jpg
605,5,Jeremy Tucker,8-(463)363-3636,1923-02-24 21:09:54,259,resources/ihkBAWrfHU.jpg
606,22,Louise Carroll,0-(702)147-6335,1993-01-20 04:38:05,61,resources/bNSowFKpCc.jpg
607,558,Dorothy Chapman,3-(491)821-0647,1975-08-30 09:05:00,440,resources/WydJbFkLCs.jpg
608,783,Scott Morales,7-(295)528-6678,1945-08-17 14:38:42,196,resources/CImAudnarY.jpg
609,571,Christine Hughes,2-(942)419-3078,1972-12-25 21:52:40,205,resources/QsFfwRdmNE.jpg
610,252,Jennifer Hunt,0-(548)820-5449,1982-04-20 12:32:38,160,resources/lvIwKeufaM.jpg
611,484,Laura Johnston,3-(726)053-8688,1950-05-13 19:14:11,29,resources/epYOaWMQUA.jpg
612,442,Jimmy Hughes,5-(869)681-6636,1954-08-09 09:28:47,213,resources/vuhWGLfUSR.jpg
613,99,Fred Cook,6-(879)229-6621,1941-01-12 06:08:45,199,resources/vfFpRygIlG.jpg
614,539,Carolyn Green,5-(907)449-2902,1909-11-01 18:59:47,173,resources/knPpfwqWVU.jpg
615,387,Alice Arnold,5-(846)868-1694,1977-06-15 11:16:00,105,resources/aFBSdRcgHG.jpg
616,67,Samuel Hawkins,7-(817)668-9988,1902-12-13 00:37:55,374,resources/AuorpNOFCU.jpg
617,752,Stephanie Gilbert,5-(511)879-4875,1910-01-08 10:33:40,394,resources/gifYtwHQdG.jpg
618,61,Betty Gomez,7-(335)389-5707,1984-07-04 15:34:46,118,resources/RILTtqJYAV.jpg
619,725,Willie Carroll,0-(339)651-7467,1918-12-26 18:56:54,364,resources/JGMoKElvjU.jpg
620,287,Martin Daniels,0-(806)809-4192,1936-12-27 18:56:19,78,resources/CDeOgwsudJ.jpg
621,747,Michelle Hill,4-(126)843-7466,1928-03-06 16:51:35,391,resources/mJVEdSGkHh.jpg
622,496,Patrick Robertson,2-(195)571-7882,1957-01-26 14:51:36,380,resources/opuqstPOfy.jpg
623,266,Timothy Hall,9-(376)084-9049,1980-03-19 09:35:28,360,resources/XmUbwHneTK.jpg
624,392,Phyllis Stone,5-(954)979-3197,1953-06-23 06:10:16,54,resources/OXSdzqKYbt.jpg
625,474,Gloria Ryan,9-(509)703-0539,1966-11-05 16:31:55,197,resources/HjtSefndOm.jpg
626,203,Eugene Sanchez,9-(392)672-4691,1926-02-23 11:11:35,257,resources/KmZJiThzDL.jpg
627,292,Shirley Garrett,4-(704)229-6491,1937-04-16 12:49:00,486,resources/JfidmDHRvw.jpg
628,307,Heather Campbell,3-(073)182-5048,1989-08-10 03:45:31,445,resources/OpTfYgZyVw.jpg
629,408,John Bailey,0-(069)382-3576,1934-01-07 06:53:34,74,resources/CvdZTHijpg.jpg
630,541,Norma Crawford,6-(406)826-4773,1949-09-04 15:03:42,273,resources/RlJLkWAiMY.jpg
631,119,Lisa Baker,0-(158)057-5919,1916-10-11 17:42:19,310,resources/yZCBpWKIcm.jpg
632,541,Tina Jackson,8-(433)478-1065,1956-10-09 05:46:38,277,resources/CdkDeBMXSZ.jpg
633,188,Nicholas Bennett,2-(528)026-5077,1918-12-15 07:23:02,342,resources/HATscYUKLP.jpg
634,780,Jessica Webb,5-(008)356-4487,1922-08-27 04:14:07,107,resources/CarsnGiQLe.jpg
635,200,Joyce Long,1-(010)066-6525,1927-10-16 21:53:04,265,resources/MUhlAgoGRW.jpg
636,207,Helen Dean,0-(800)544-9493,1994-09-22 11:26:32,429,resources/nGjJXvBItd.jpg
637,66,Jesse Wells,4-(153)695-3909,1982-06-22 06:43:22,366,resources/owyzsWlHjI.jpg
638,64,Kevin Knight,9-(620)903-1509,1980-08-10 06:10:38,457,resources/dJtvOUMgzD.jpg
639,657,Roger Long,2-(051)963-2094,1976-01-25 01:01:57,200,resources/uDASrfLmHl.jpg
640,222,Rachel Little,0-(193)393-7708,1906-10-09 11:10:55,290,resources/GkaFnPUQWw.jpg
641,492,Timothy Ray,7-(931)305-1820,1949-01-29 00:48:07,129,resources/ziNSrXfcPL.jpg
642,745,Linda Watkins,1-(777)782-6196,1973-05-07 06:16:44,450,resources/BFzqWaDYir.jpg
643,258,Ernest Ruiz,3-(247)246-2294,1979-05-29 03:10:24,459,resources/TJoDKuzqIE.jpg
644,449,Albert Morris,6-(597)956-3197,1990-11-07 02:05:07,2,resources/DCewPiKbAt.jpg
645,248,Janet Harris,4-(187)334-3076,1975-12-18 11:57:39,228,resources/oPZYuCUcGg.jpg
646,348,Amy Hart,9-(034)674-0518,1945-10-06 00:57:24,137,resources/YzdrCpjEFm.jpg
647,791,Betty Griffin,0-(801)005-0733,1901-03-18 08:19:08,97,resources/TwOfvJmLZo.jpg
648,713,Judy Crawford,1-(925)784-8838,1900-11-26 13:20:35,216,resources/elBpbFnvEW.jpg
649,88,Kimberly Hughes,9-(603)321-0449,1982-12-23 01:20:59,278,resources/lZoPKbFCVD.jpg
650,332,Julia Hawkins,4-(265)836-5902,1989-02-05 03:53:53,173,resources/PpqbUigadD.jpg
651,220,Ronald Garrett,6-(027)455-4019,1945-04-20 01:45:02,18,resources/bJkjrTHvYt.jpg
652,154,Larry Woods,8-(475)486-9229,1921-11-13 00:28:29,335,resources/DtqPyvpjYZ.jpg
653,413,Bruce Jordan,9-(806)168-6752,1965-05-06 21:09:24,289,resources/uAPLIjsWwH.jpg
654,375,Ernest Gutierrez,3-(857)248-8171,1990-05-25 16:44:45,260,resources/SaZGhXbogk.jpg
655,570,Michelle Gardner,5-(751)973-6462,1989-11-27 23:48:18,32,resources/qamOLnWbZu.jpg
656,242,Sandra Marshall,0-(304)466-2571,1947-11-15 00:01:57,277,resources/ZkTFVdmMiz.jpg
657,692,William Price,5-(746)210-4486,1994-02-15 14:53:41,303,resources/NysodfJTCj.jpg
658,706,Sharon Gomez,8-(143)531-2852,1907-10-18 15:50:31,15,resources/WmpGNdLbCY.jpg
659,175,Ashley Armstrong,9-(891)115-7590,1943-06-17 00:19:30,150,resources/SkhfDJKigB.jpg
660,245,Gerald Andrews,3-(364)294-6941,1912-11-15 23:04:01,211,resources/MSDfuJQFmW.jpg
661,799,Edward Chapman,9-(859)230-1983,1906-08-10 13:23:16,75,resources/tcZFpVJqSC.jpg
662,403,Emily Thomas,4-(541)343-8416,1918-02-18 12:44:29,135,resources/wvYjRDbFqK.jpg
663,195,Steven Reynolds,4-(866)255-9951,1987-01-28 13:29:58,265,resources/wMfYkbPyhE.jpg
664,169,Emily Garrett,5-(347)497-4489,1973-04-29 14:34:16,339,resources/JiwVuhGqTP.jpg
665,369,Tammy Harrison,3-(044)805-8135,1949-04-29 11:03:14,340,resources/tGIeAkMzoN.jpg
666,225,Jennifer Nguyen,6-(942)511-8838,1992-07-16 06:45:59,244,resources/CGfjLNxsqw.jpg
667,298,Rachel Lynch,1-(944)149-2144,1948-06-14 13:13:12,494,resources/EGPIpKNLiX.jpg
668,120,Wanda Gardner,8-(632)386-8754,1967-10-20 16:28:14,485,resources/aQrOwIPLWp.jpg
669,486,Mary Coleman,8-(786)217-1285,1958-03-24 13:49:46,325,resources/bkNesIFhPq.jpg
670,516,Cheryl Vasquez,6-(525)544-6542,1978-06-29 12:53:37,180,resources/qvPjdLiocJ.jpg
671,784,Amy Harper,6-(931)334-1743,1912-03-17 16:02:02,153,resources/QhItxiHNMj.jpg
672,217,Jean Mills,7-(195)694-0400,1981-11-08 10:25:05,117,resources/lDCYHpweZF.jpg
673,691,Janet Fuller,4-(992)150-6129,1991-07-30 21:45:41,2,resources/KTHyPMEvsV.jpg
674,773,Joe Wallace,2-(249)480-9382,1957-08-06 19:06:57,136,resources/pFdyHMPGvE.jpg
675,544,Bonnie Ford,7-(513)013-8850,1949-05-28 18:22:26,225,resources/qLsOrIjkRY.jpg
676,362,Jose Lawrence,6-(132)033-2600,1931-02-19 22:14:56,266,resources/zMhcrRNAXE.jpg
677,511,Julie Stanley,5-(453)196-6766,1979-10-18 13:38:00,73,resources/LexmBsfTck.jpg
678,259,Roger Hanson,7-(448)803-0183,1932-07-26 21:37:58,85,resources/dbcRuDIhxQ.jpg
679,150,Earl Kennedy,5-(416)867-6008,1974-10-25 12:27:39,337,resources/AJHkNqlROh.jpg
680,61,Doris Richardson,0-(829)383-5824,1909-11-17 00:34:09,46,resources/ROVhqPCHEc.jpg
681,453,Tina Johnson,4-(120)202-9631,1961-11-03 12:38:57,369,resources/JDvdIsRrHz.jpg
682,226,Ernest Peters,5-(378)893-3986,1941-08-25 05:28:39,405,resources/yvarsTQWmY.jpg
683,224,Ernest Watson,4-(641)369-3755,1923-04-06 06:11:54,176,resources/RmUxrvtsTC.jpg
684,717,Katherine Johnston,3-(135)174-6733,1967-04-28 16:46:58,195,resources/XeorNBxytM.jpg
685,35,Jane Martinez,0-(132)020-4071,1912-10-13 02:45:30,267,resources/ZeFQWAqSxj.jpg
686,329,Paul Jones,3-(813)670-9215,1991-05-27 13:10:43,342,resources/VIaWfjTSkn.jpg
687,570,Alan Ray,9-(377)379-3359,1915-08-11 18:36:31,123,resources/gboBJWhvec.jpg
688,412,Joseph Wagner,5-(544)585-2296,1925-01-30 11:15:44,216,resources/bCvUDsPtHr.jpg
689,719,Eric Moreno,3-(437)282-0799,1939-04-29 13:34:47,42,resources/VNurjPLdsx.jpg
690,688,Dennis Alexander,4-(152)803-5918,1917-04-20 06:16:40,312,resources/PtIBjYgqWs.jpg
691,220,Marie Hicks,0-(096)584-4541,1923-04-01 10:14:11,117,resources/CoUZeMflAy.jpg
692,55,Helen Adams,7-(296)641-1087,1925-03-28 02:36:52,415,resources/awESdZRtGz.jpg
693,145,Willie Fuller,7-(262)462-8290,1942-05-27 11:19:57,400,resources/jSilwXqegY.jpg
694,682,Frances Black,6-(482)670-9790,1922-02-10 09:49:49,116,resources/nXWlKFjtda.jpg
695,304,Robin Hill,7-(011)503-3289,1965-02-06 18:29:03,1,resources/esUcMIQEbF.jpg
696,705,Edward Banks,3-(512)270-2546,1905-09-02 19:25:08,332,resources/WtaERIeOsK.jpg
697,398,Harold Grant,9-(866)347-7496,1927-04-07 04:28:46,361,resources/SxJWwfoUOg.jpg
698,633,Harold Wood,4-(573)234-4906,1981-05-20 04:47:32,217,resources/cIhaqmtXBy.jpg
699,602,Justin Graham,3-(471)722-1191,1992-03-23 16:44:47,431,resources/BcONCdGRyX.jpg
700,323,Heather Clark,0-(362)142-0679,1943-03-26 16:21:09,130,resources/TRPbfCmzjh.jpg
701,542,Ralph Kelley,8-(703)864-3893,1922-02-22 04:59:12,254,resources/PDkqHhVgOn.jpg
702,454,Frances Morrison,6-(888)249-3342,1980-01-23 04:41:50,406,resources/OpImJtFHNZ.jpg
703,199,Frances Sanchez,7-(535)478-4389,1946-02-15 00:40:53,28,resources/YXlLnAuoRD.jpg
704,672,Christopher Mitchell,0-(593)275-1914,1928-06-21 11:07:09,455,resources/AQcJnlTGUv.jpg
705,339,Mary Parker,9-(662)364-2075,1916-12-13 10:51:20,181,resources/PLuymShHeO.jpg
706,62,Bonnie Porter,4-(576)840-5215,1926-03-30 10:43:24,398,resources/tdRruSWTJi.jpg
707,377,Antonio Chapman,1-(130)681-2508,1923-12-02 03:11:54,479,resources/gnuctUhEMX.jpg
708,262,Kenneth Williamson,6-(603)604-2115,1918-03-04 14:32:58,99,resources/mvXJIdlbpH.jpg
709,728,Matthew Elliott,8-(672)351-7523,1910-08-09 04:56:15,25,resources/CVohUcznjd.jpg
710,592,Craig James,7-(525)067-8894,1966-08-01 16:00:02,479,resources/oFIckKydfN.jpg
711,800,Karen Powell,5-(714)836-1332,1938-02-06 09:17:30,81,resources/TPmFquBIzN.jpg
712,374,Anna Chavez,1-(098)871-2941,1977-09-05 23:52:16,423,resources/bNhRvViqpC.jpg
713,286,Frances Ferguson,5-(565)928-1162,1950-01-13 09:19:55,453,resources/cIahQDUHdn.jpg
714,669,Julia Washington,3-(432)880-9274,1901-02-25 12:26:19,87,resources/JuvUWcDaoh.jpg
715,257,Elizabeth Carr,8-(901)644-9637,1992-01-09 10:31:19,383,resources/qwsKNcuMxh.jpg
716,213,Ernest Edwards,7-(680)519-3431,1920-09-15 05:42:33,254,resources/WieLElwpDf.jpg
717,239,Sara Reynolds,8-(894)133-7938,1953-10-19 03:13:55,4,resources/EaimjROezI.jpg
718,37,Alan Hunt,6-(885)526-3866,1912-05-09 01:30:39,370,resources/cUNrTyueZq.jpg
719,417,Joan George,6-(918)394-6278,1935-05-07 18:33:11,37,resources/ySjqReLvMo.jpg
720,672,Kelly Powell,6-(929)508-2544,1942-09-20 16:50:20,82,resources/NBcPUIXWHl.jpg
721,85,Donald Brooks,1-(731)327-3300,1973-10-10 15:35:53,430,resources/wrSRbkVZLW.jpg
722,441,Justin Greene,3-(812)587-1198,1912-02-23 05:57:03,407,resources/sdENBfYJqk.jpg
723,386,Helen Riley,4-(413)198-9487,1972-06-16 02:31:27,308,resources/gzWmRHsCpL.jpg
724,318,Louis Sanchez,7-(961)363-5274,1944-01-19 15:41:26,365,resources/CKDparNMld.jpg
725,446,Karen Kelly,9-(805)685-5562,1943-07-10 22:41:05,171,resources/DYWmEgodAH.jpg
726,221,Wayne Smith,7-(440)272-0737,1949-07-31 03:56:10,430,resources/XfSCRFHJKk.jpg
727,579,Carl Rodriguez,4-(753)606-7822,1914-11-07 12:31:37,20,resources/NifJDbtHFW.jpg
728,146,Thomas Hawkins,6-(923)176-0078,1960-03-13 16:58:45,427,resources/NcIPCqAnhe.jpg
729,633,Evelyn Edwards,8-(209)177-8317,1925-12-02 16:38:44,483,resources/rXFkQbihOK.jpg
730,61,Frances Parker,0-(394)701-8695,1931-08-27 02:41:47,475,resources/fTxEraFvBe.jpg
731,1,Steven Martinez,4-(774)421-6725,1943-10-10 16:40:32,169,resources/UaKGQFYPyj.jpg
732,627,Debra Bryant,8-(804)546-8119,1918-08-11 15:07:15,350,resources/JyqMnslGkt.jpg
733,402,Johnny Nguyen,6-(164)886-3224,1982-10-12 13:02:33,188,resources/jPIiNOBGQn.jpg
734,436,Raymond Bishop,4-(887)258-6858,1915-05-21 01:54:27,358,resources/ouzhkaBOpI.jpg
735,353,Christina Ramirez,4-(094)460-3824,1991-09-03 12:53:40,386,resources/LueDVfGIty.jpg
736,583,Dorothy Williams,1-(895)188-8934,1905-05-17 03:26:40,310,resources/cVqCAZBieG.jpg
737,556,Carl Bennett,0-(251)731-0067,1942-11-16 13:11:33,94,resources/lqCZjKInhb.jpg
738,191,Eugene Cook,9-(868)999-7902,1973-08-17 17:35:57,22,resources/sqhfUSrbnx.jpg
739,151,James Kennedy,8-(162)026-8306,1943-01-21 08:31:23,447,resources/yxQckaserp.jpg
740,534,Laura Fisher,5-(347)027-3671,1940-11-10 01:27:07,395,resources/lVqKwNXdWO.jpg
741,414,Teresa Ramirez,4-(064)688-5127,1904-08-03 05:56:42,490,resources/aJfHBoEZGV.jpg
742,654,Earl White,6-(723)369-2412,1920-10-25 17:37:18,360,resources/AZWFopnPYk.jpg
743,477,Kathy Reynolds,5-(254)706-8426,1945-06-29 17:38:58,182,resources/pOAFLmeGXM.jpg
744,610,Juan Howell,7-(402)119-4322,1973-03-29 12:53:51,144,resources/FEPUdZXzTq.jpg
745,567,Fred Diaz,2-(898)088-6947,1984-11-21 08:32:52,1,resources/TYIPitFxUq.jpg
746,514,Arthur Elliott,5-(836)075-7661,1988-06-29 05:24:58,460,resources/htOBkMnYVf.jpg
747,155,Stephanie Burke,6-(238)999-8923,1910-08-16 07:44:41,112,resources/nTdWLOUQfG.jpg
748,699,Kelly Stephens,3-(468)226-9737,1912-03-27 20:11:26,482,resources/ZhBdNuzQUx.jpg
749,222,Andrew Butler,6-(959)757-5866,1932-06-08 01:49:39,406,resources/KWNXqkDRaf.jpg
750,767,Howard Stone,5-(345)915-7516,1933-10-23 04:19:10,178,resources/fMzjpTxNiy.jpg
751,79,Frances Perry,2-(751)850-3794,1939-02-14 08:15:17,116,resources/eYPrpoWbCO.jpg
752,623,Julie Reed,1-(477)570-5795,1966-06-03 03:28:37,294,resources/kROWVQDMzC.jpg
753,483,Charles Moreno,1-(445)522-5759,1930-04-10 23:41:44,331,resources/iZUesVmEyD.jpg
754,662,Christopher Webb,7-(863)034-6500,1929-09-01 10:38:24,393,resources/dsFYnVktWx.jpg
755,553,Steve Powell,6-(767)748-3310,1966-08-21 03:07:29,423,resources/iCAQrqJtbE.jpg
756,564,Julia Harris,8-(740)088-9834,1948-01-27 20:00:13,186,resources/ozLZwkNHIX.jpg
757,153,Jean Dean,7-(333)713-5449,1906-06-26 00:44:49,373,resources/nUJGOjgszE.jpg
758,164,Wayne George,3-(670)226-2618,1909-07-31 18:21:24,53,resources/BjgTPowUCd.jpg
759,778,Jane Edwards,8-(431)871-2174,1906-01-31 02:36:31,143,resources/jaNiXTqOoB.jpg
760,161,Frank Sanders,5-(172)961-3589,1965-12-08 16:11:28,106,resources/VKbPqdSQgL.jpg
761,520,Theresa Gordon,9-(978)449-9687,1910-12-06 09:25:27,34,resources/jnSzCTyRKb.jpg
762,693,Kimberly Williams,7-(279)698-5477,1904-05-09 14:37:15,349,resources/nMavwgkPKj.jpg
763,414,James Peters,7-(240)197-8744,1907-10-10 03:53:22,185,resources/trVsDPCLGH.jpg
764,650,Earl Carr,9-(100)889-1243,1909-07-10 13:19:46,308,resources/bBYkvQuNXi.jpg
765,374,Ashley Ramirez,0-(808)236-4303,1934-02-11 19:13:09,393,resources/pLKYuFeOxG.jpg
766,244,Richard Long,1-(013)537-5760,1919-08-21 18:24:17,477,resources/SbuNXekZDL.jpg
767,695,Diane Myers,0-(378)508-5716,1921-06-08 18:05:29,325,resources/mRoldBribM.jpg
768,222,Norma Carter,5-(599)978-4598,1956-03-14 02:44:34,100,resources/NWixTMXoEI.jpg
769,471,Jesse Martin,6-(203)658-7553,1939-07-26 09:26:43,324,resources/DwVnSkMBUm.jpg
770,471,Carol Russell,4-(612)293-9475,1955-09-20 05:00:01,40,resources/vTSXWNxDnm.jpg
771,79,Walter Baker,7-(703)341-4833,1937-11-28 03:58:33,368,resources/kawvfCsrDX.jpg
772,713,Andrea Chavez,5-(409)014-6588,1996-05-07 02:08:16,388,resources/jWIMmSkTRe.jpg
773,75,Lawrence Scott,0-(148)129-5409,1966-12-17 00:52:55,261,resources/mBEFkRxYoh.jpg
774,771,Annie Cruz,3-(219)593-3419,1973-11-09 20:43:06,362,resources/qmRuCfhLed.jpg
775,668,Anna Thomas,7-(783)874-9106,1976-04-16 04:27:30,154,resources/kehdlDosXv.jpg
776,794,Teresa Lewis,2-(373)018-5590,1949-01-24 02:19:04,413,resources/MgAEBshYjZ.jpg
777,796,Diane Gardner,2-(540)958-7130,1992-09-18 10:22:58,358,resources/yATOYRGgZm.jpg
778,55,Carol Kennedy,9-(835)479-0828,1903-03-27 22:57:45,63,resources/XkdaxWcKHp.jpg
779,56,Philip Clark,4-(699)555-0371,1915-07-17 00:23:52,349,resources/YkbEOFMvUL.jpg
780,284,Paula Jenkins,0-(273)629-5816,1978-02-14 18:52:09,176,resources/xlpXDVLRjo.jpg
781,223,Bruce Holmes,4-(474)102-9325,1992-06-13 08:40:16,113,resources/OcDWABzNpj.jpg
782,541,Rachel Ramirez,4-(583)110-9618,1927-03-09 14:08:24,204,resources/USFWPTslMq.jpg
783,587,Kathryn Reid,7-(528)383-5560,1986-05-07 12:05:09,232,resources/WhRnsozFXP.jpg
784,581,Lawrence Berry,2-(415)001-9482,1911-08-29 00:47:13,394,resources/hvZInxrgfs.jpg
785,318,Gloria Carpenter,7-(207)182-7176,1946-08-30 00:54:04,108,resources/aukbPKozIJ.jpg
786,50,Deborah Hall,2-(227)650-0628,1917-09-01 21:48:15,53,resources/TKFWAsngNM.jpg
787,797,Patrick Peters,3-(646)013-3022,1932-02-18 05:12:57,471,resources/AlrQTEKbIO.jpg
788,589,Dorothy Hawkins,4-(846)374-5561,1942-08-22 08:14:08,82,resources/wsPYLCuTRm.jpg
789,391,Jeremy Bryant,2-(198)448-1784,1900-09-14 09:16:30,60,resources/bdYAjamnEc.jpg
790,602,Jeremy Montgomery,7-(049)333-8803,1945-10-27 15:51:48,380,resources/lNAJXoquVH.jpg
791,59,Walter Harris,2-(249)306-8312,1990-09-13 16:47:56,87,resources/PQLSNaouti.jpg
792,471,Roger Moore,5-(301)290-7938,1901-03-14 12:25:35,333,resources/gqckxMmIGN.jpg
793,429,Gregory Mendoza,9-(973)291-7773,1940-09-03 10:18:46,410,resources/biMAproLhn.jpg
794,735,Steve Rice,7-(497)434-0023,1948-12-27 12:32:38,377,resources/kmaQFGeHuZ.jpg
795,359,Katherine Coleman,5-(136)674-2926,1994-03-21 05:31:21,499,resources/iJuwTayZKW.jpg
796,352,Carl Sanders,9-(429)535-6070,1970-09-19 18:07:07,479,resources/hNKceIipgJ.jpg
797,191,Ruth Mccoy,5-(884)333-8494,1958-02-19 05:58:12,405,resources/WCARHjxmOu.jpg
798,243,Keith Little,7-(189)092-3434,1969-02-03 07:50:09,188,resources/SazlFQjbKV.jpg
799,178,James Perez,6-(970)300-0083,1905-07-03 01:58:26,416,resources/LBWjHgmJdb.jpg
800,128,Larry Bishop,1-(250)058-6792,1920-01-04 04:51:42,27,resources/kohXNqZOIG.jpg
801,476,Martin Cunningham,7-(690)124-9218,1975-07-23 17:10:43,308,resources/PDuJwVxyOv.jpg
802,49,Nancy Bishop,8-(149)582-1875,1945-01-24 01:39:46,479,resources/TrgiuBCYEL.jpg
803,401,Scott Robinson,5-(606)588-3552,1987-06-05 04:22:51,434,resources/jYRtEZbdow.jpg
804,551,Harold Bowman,3-(336)063-5958,1981-08-23 04:54:47,334,resources/VzurJSdjAM.jpg
805,325,Dennis Ray,6-(018)738-7330,1957-06-06 08:45:17,342,resources/cJMQtTzSyB.jpg
806,565,Julie Olson,6-(213)487-3596,1976-03-17 18:01:44,344,resources/pqwbfTVvFt.jpg
807,768,Susan Ray,4-(527)126-2192,1979-12-15 03:46:01,34,resources/jingLQIzDe.jpg
808,322,Tina Morgan,7-(027)330-7644,1960-12-23 23:32:52,189,resources/aHJnYCoGSg.jpg
809,70,Lawrence Arnold,9-(527)166-9990,1992-04-06 20:57:25,46,resources/GlYzoBgCWF.jpg
810,350,Timothy Dixon,7-(230)008-2413,1929-08-01 15:46:45,326,resources/nyhCPjBfUM.jpg
811,570,Wayne Lawrence,0-(434)300-3615,1976-07-06 19:25:43,294,resources/rfbZxqDMyg.jpg
812,534,Billy Gibson,0-(040)734-9691,1941-11-15 00:15:31,293,resources/MTHBLxjXeD.jpg
813,12,Christina Powell,5-(971)772-1580,1967-03-01 02:53:16,409,resources/MCXlJSYiTP.jpg
814,597,Harry Martinez,7-(361)822-1890,1964-08-02 13:39:02,395,resources/vpUbWHkxBw.jpg
815,539,Thomas Wood,7-(938)991-4852,1944-06-17 21:21:12,162,resources/WsAUwRqjZO.jpg
816,418,Walter King,9-(408)594-3106,1984-06-05 03:12:31,260,resources/LRBlzOCgck.jpg
817,103,Timothy Morris,4-(733)496-2869,1903-01-05 03:13:58,199,resources/NcpIevzaTV.jpg
818,445,Edward Cunningham,2-(913)991-9789,1910-10-27 09:38:04,59,resources/TGIFVJnoQD.jpg
819,414,Victor Dean,2-(496)987-4168,1983-02-15 14:33:55,122,resources/neFyaldcEN.jpg
820,369,Jesse Flores,6-(613)959-0292,1947-08-24 02:35:53,366,resources/ipEnaJXtzQ.jpg
821,192,Arthur Gonzalez,1-(549)315-4145,1934-08-12 03:47:31,58,resources/CrYZsuQqme.jpg
822,232,Kathleen Fuller,9-(090)336-3383,1960-02-12 19:27:58,112,resources/VbLJsXldtD.jpg
823,462,Julie Carr,2-(413)120-5445,1906-12-29 18:54:50,364,resources/sjqXMcQNxW.jpg
824,576,Beverly Gilbert,7-(464)511-1400,1963-11-01 08:27:16,300,resources/KZNVYktRaE.jpg
825,635,Henry Spencer,0-(490)961-4777,1975-03-14 21:37:13,441,resources/LKTNvYloGW.jpg
826,47,Judy Jackson,0-(669)800-2917,1907-11-22 14:02:20,176,resources/ZfKjUplLBo.jpg
827,54,Justin Green,7-(012)595-5521,1946-01-20 01:16:27,375,resources/UGsOIzlouy.jpg
828,619,Bonnie Chavez,8-(107)311-7275,1966-10-12 01:32:22,264,resources/MyuxLrAqBz.jpg
829,270,Louis Ray,6-(911)175-9126,1902-01-11 12:55:06,209,resources/zGbNwnmOro.jpg
830,530,James Owens,7-(629)909-2473,1966-07-11 11:18:38,102,resources/qWiUVvdOhm.jpg
831,471,Irene Wheeler,1-(338)364-0591,1943-08-28 06:18:46,37,resources/DQdTmOeNGx.jpg
832,199,Carl Mitchell,0-(545)250-7704,1934-12-01 06:38:01,476,resources/KuLdUCTpet.jpg
833,266,Kelly Garrett,1-(922)903-9844,1948-09-24 04:33:32,143,resources/DqvwGXWlJk.jpg
834,145,Nicholas Snyder,0-(366)943-4347,1975-03-19 20:04:03,84,resources/UEjDBNWSYa.jpg
835,54,Jean Harvey,6-(416)501-6126,1914-10-12 23:57:28,424,resources/qJLniEHkRI.jpg
836,116,Deborah Ruiz,4-(521)048-3691,1955-04-19 20:18:59,389,resources/AEFYQwsMdV.jpg
837,704,Wayne Fisher,2-(987)661-8301,1922-09-17 17:11:50,380,resources/QkDluHoxcM.jpg
838,116,Christina Green,9-(890)678-6952,1942-02-03 00:29:08,342,resources/rakobnTISl.jpg
839,652,Amy Daniels,9-(825)125-5492,1964-04-27 03:24:08,117,resources/rNcXZCsJgu.jpg
840,658,Nicholas Snyder,5-(046)112-0979,1917-12-07 02:55:40,121,resources/vWMxFHqtmn.jpg
841,757,Shawn Williams,0-(305)098-4097,1914-07-02 13:45:37,159,resources/sbOemxrItW.jpg
842,227,Catherine Mitchell,3-(798)532-3199,1947-09-03 19:07:51,274,resources/eMhyFgxSjW.jpg
843,80,Louise Snyder,6-(146)930-4815,1910-11-08 12:58:41,397,resources/ZFcWlgYrGp.jpg
844,718,Bobby Gibson,6-(011)305-6922,1960-02-15 22:19:57,190,resources/biRNOYtaVM.jpg
845,239,Bonnie Perry,9-(288)725-2706,1903-04-01 23:35:51,42,resources/LJNgpOGXaP.jpg
846,168,Stephen Davis,6-(369)779-0777,1983-08-22 03:09:26,94,resources/OpDZgXIMFs.jpg
847,705,Ruth Chapman,6-(469)345-0275,1938-11-18 06:18:07,311,resources/nLBFGeASvK.jpg
848,273,Billy Williamson,3-(728)284-2283,1976-07-31 15:17:04,312,resources/dmlfuCNLUb.jpg
849,88,Michael Arnold,0-(598)569-8129,1918-11-07 17:02:18,404,resources/wfILqUaWMR.jpg
850,739,Raymond Medina,0-(031)978-9934,1939-03-08 20:54:44,106,resources/kOXsYnMDIL.jpg
851,546,Stephanie Henderson,2-(476)834-4511,1931-05-17 12:39:24,277,resources/zKqfWQZvDT.jpg
852,415,Andrea Weaver,4-(918)921-8322,1969-05-23 06:12:01,288,resources/LvSoyXseDE.jpg
853,357,Angela Austin,6-(020)316-8849,1950-08-07 23:50:38,192,resources/akfeOpdUCZ.jpg
854,16,Virginia Hawkins,9-(364)614-4768,1956-12-29 16:55:56,88,resources/cZshSJXLrl.jpg
855,220,Arthur Kim,1-(955)193-0056,1964-07-16 12:56:34,3,resources/sAqigyTawD.jpg
856,667,Steven Wilson,2-(250)582-3651,1954-09-18 00:57:05,325,resources/VfIlBtaKbc.jpg
857,521,Paul Ramirez,4-(476)669-2146,1945-10-07 17:16:41,283,resources/TAKLkZGmjM.jpg
858,654,Dennis Wagner,3-(948)639-6677,1959-03-03 21:52:53,484,resources/jHZpLaONYK.jpg
859,197,Emily Meyer,4-(553)619-8697,1991-09-28 16:25:57,119,resources/kPNnXmtYZK.jpg
860,666,Aaron Coleman,9-(474)900-6536,1977-01-30 10:13:00,273,resources/qIQLyorgXE.jpg
861,639,Wayne Simpson,8-(715)155-5633,1943-10-02 02:58:08,130,resources/PNLmwWyehl.jpg
862,642,Michelle Morris,8-(608)595-0295,1962-03-31 07:01:13,275,resources/yUTlbdcSzx.jpg
863,709,Chris Carter,4-(064)826-6465,1907-03-05 03:57:23,37,resources/ZlNhxCBXUV.jpg
864,692,Adam Rose,9-(009)847-3328,1950-03-01 08:52:32,54,resources/YWADyabVEU.jpg
865,289,Gloria Carroll,8-(903)475-2842,1931-02-12 18:33:05,182,resources/jleQYHrNLu.jpg
866,177,Amanda Hayes,8-(810)713-8113,1931-06-30 00:57:20,296,resources/sloeHZbzuV.jpg
867,542,Mildred Gilbert,6-(369)261-4742,1957-09-03 03:56:27,52,resources/BLjVpbrXde.jpg
868,218,Julia Fowler,9-(453)231-4964,1949-05-05 20:05:15,77,resources/SPbwsdaWEx.jpg
869,114,Christine Mcdonald,3-(304)960-1273,1908-12-28 11:25:01,212,resources/GnrtiqHbPj.jpg
870,66,Walter Gibson,5-(516)674-3114,1904-03-16 11:31:03,15,resources/lAcheQbNCi.jpg
871,601,Patrick Kelly,7-(425)170-5333,1956-01-30 23:49:03,276,resources/ImoMKfeabd.jpg
872,354,Walter Marshall,7-(625)253-3598,1924-06-17 20:11:24,9,resources/HfOIwEsTVt.jpg
873,398,James Rose,2-(860)265-2060,1902-06-27 13:28:18,119,resources/oKFAEgQqzb.jpg
874,594,Brandon Long,9-(307)629-0462,1945-10-23 11:35:18,35,resources/whFZPjliTs.jpg
875,136,Thomas Bailey,5-(793)974-8725,1922-07-25 11:32:59,365,resources/iYjJWRxKcI.jpg
876,625,Gloria Day,2-(149)794-2608,1906-06-27 03:21:11,127,resources/LWnxvTPUza.jpg
877,70,Barbara Harris,6-(456)457-4051,1923-01-25 13:52:27,384,resources/gFwExbOkhv.jpg
878,693,Sandra Diaz,1-(826)123-9153,1934-10-04 12:46:01,180,resources/yLbKqSidrP.jpg
879,390,Lawrence Morris,0-(523)564-9564,1989-05-30 05:17:26,457,resources/BKIJPRAief.jpg
880,463,Julia Williams,8-(773)192-3437,1966-12-12 13:53:02,351,resources/rHdcikXuqb.jpg
881,508,Laura Nelson,8-(408)306-9422,1973-03-01 15:10:24,400,resources/FCHQRswEco.jpg
882,591,Evelyn Hart,4-(667)843-5804,1964-10-22 15:31:15,151,resources/kpcdzjlrFa.jpg
883,284,Paula Elliott,4-(794)501-9240,1921-11-07 09:36:24,302,resources/yrnKXRMOPo.jpg
884,702,Sarah Romero,4-(747)306-7703,1901-03-02 17:39:39,381,resources/OvhiJtNakP.jpg
885,520,Phyllis Ryan,5-(709)860-4338,1954-09-24 14:56:00,97,resources/huNYcyzatw.jpg
886,387,Andrea Spencer,7-(784)665-1813,1972-02-02 14:53:36,154,resources/XJuByTxOEd.jpg
887,262,Jean Bradley,7-(427)997-9674,1908-04-21 14:02:40,306,resources/SqVymfMiKU.jpg
888,632,Melissa Burke,2-(444)937-8040,1932-12-08 14:09:16,493,resources/yufBSZqhei.jpg
889,212,Bonnie Andrews,1-(552)285-1735,1978-12-31 10:09:48,159,resources/nfwbEdmSsK.jpg
890,577,Jason Nguyen,2-(885)425-8403,1966-04-24 23:17:28,118,resources/yczfoOxRmv.jpg
891,157,Kathy Coleman,4-(072)847-2639,1995-02-21 16:33:29,462,resources/oEQUjpnJyb.jpg
892,611,Jose Nichols,3-(960)429-3978,1934-01-16 20:35:10,241,resources/OXwSfoGuTR.jpg
893,85,Gerald Adams,0-(968)661-0781,1918-08-30 13:13:56,483,resources/VeTZoNtuhj.jpg
894,137,Margaret Stephens,4-(310)274-3559,1987-12-03 10:36:36,317,resources/dtIRBcVSUN.jpg
895,442,Alan Flores,5-(952)650-3180,1952-03-03 10:50:52,263,resources/wARdNYzbqL.jpg
896,423,Bonnie Wilson,1-(242)333-3899,1956-10-30 05:10:38,68,resources/LfAMRVGgms.jpg
897,251,Terry Bailey,8-(950)536-9823,1983-07-22 00:05:33,493,resources/adHGcfpxNU.jpg
898,102,William Foster,7-(070)454-2882,1913-08-27 06:29:47,117,resources/qyXCGKajOY.jpg
899,471,Karen Martin,3-(607)676-6138,1962-10-23 06:36:11,17,resources/uWmxVNElwO.jpg
900,628,Raymond Campbell,8-(620)581-0441,1948-11-23 23:02:05,36,resources/LIJWymSgZV.jpg
901,36,Jeremy Anderson,3-(214)652-3563,1976-11-20 16:45:20,496,resources/dMtlKkhPQU.jpg
902,45,Roger Reed,7-(859)806-0372,1992-11-14 04:39:29,71,resources/UmcbTnPOFC.jpg
903,714,Chris Lewis,9-(496)771-6781,1941-05-16 09:47:37,109,resources/PnohrZRJMi.jpg
904,692,Walter Lawrence,3-(031)026-4149,1921-02-11 08:28:03,438,resources/VTEIqbZAiz.jpg
905,633,Beverly Davis,8-(741)764-2557,1922-07-14 03:33:30,113,resources/FsqVBGzuCo.jpg
906,671,Joyce Peters,1-(602)519-4612,1994-06-23 02:12:14,91,resources/CVqkzAMHtZ.jpg
907,46,Kimberly Reid,0-(744)627-5661,1966-05-25 22:19:40,300,resources/cqmiTSulOv.jpg
908,330,Janice Jackson,0-(611)988-6552,1910-12-22 01:15:28,70,resources/HwANsjQXFx.jpg
909,361,Matthew Dean,1-(701)691-5707,1958-09-18 19:34:57,252,resources/dgRyzQxLeC.jpg
910,440,Anne Spencer,6-(740)132-3821,1986-01-09 10:15:31,341,resources/YnzGfreDCp.jpg
911,787,Bonnie Wells,7-(854)126-8784,1926-03-09 13:43:20,332,resources/mMAprtKaiy.jpg
912,693,Eric Harris,5-(250)798-3310,1990-03-29 16:21:22,397,resources/PENJMGQpgb.jpg
913,785,Pamela Hernandez,0-(648)680-7773,1937-05-19 16:34:23,350,resources/CRQMnyhWsf.jpg
914,108,Keith Watson,1-(832)125-4245,1927-02-08 06:44:16,132,resources/CVkGaYtnSz.jpg
915,138,Patrick Harvey,8-(844)968-0586,1904-11-26 11:52:18,255,resources/JZHUqnzyIR.jpg
916,623,Ralph Johnson,3-(974)269-0319,1951-04-10 05:55:14,83,resources/KpeXocUCAH.jpg
917,84,Jacqueline Day,0-(425)651-5320,1972-03-12 02:08:17,36,resources/hnFUuMPjDf.jpg
918,474,Diane White,5-(201)722-5139,1923-04-17 08:56:33,302,resources/pLbWDdNKwS.jpg
919,542,Denise Banks,4-(366)596-8260,1984-04-29 21:30:49,380,resources/QyckfNseEJ.jpg
920,788,Mildred Oliver,4-(892)894-9439,1977-04-12 03:10:20,279,resources/FgqyxldJpT.jpg
921,60,Jerry Hicks,2-(740)851-7031,1940-02-07 21:34:16,49,resources/tWAeqvkiYa.jpg
922,473,Virginia Day,5-(784)044-2941,1995-07-27 22:21:56,53,resources/TspdIbQtzO.jpg
923,585,Shawn Morris,1-(817)832-6062,1913-08-20 20:21:06,105,resources/HqkAayswpW.jpg
924,749,Charles Alvarez,3-(276)870-7957,1931-06-15 23:07:22,343,resources/lCHFMrzRis.jpg
925,553,Willie Adams,4-(995)545-3158,1985-02-11 20:40:40,247,resources/KhtPYdWnOi.jpg
926,660,Carlos Romero,7-(874)234-4323,1993-05-07 09:18:16,492,resources/caEZskwirY.jpg
927,558,Jose Richardson,4-(705)345-9372,1933-06-05 00:53:19,104,resources/YBrnohWQiC.jpg
928,404,Michael Rogers,1-(540)696-1818,1920-04-11 04:03:50,104,resources/EYDBmkRuGK.jpg
929,555,Wanda Edwards,0-(132)277-4487,1978-01-25 02:28:48,423,resources/tFNQTDiKvm.jpg
930,363,David Smith,3-(397)452-2651,1908-07-25 02:18:01,14,resources/zrIJCwkabL.jpg
931,27,Jonathan Gardner,6-(671)378-9514,1943-09-30 17:42:07,79,resources/KkJColWqYP.jpg
932,650,Jonathan Wright,4-(134)007-8051,1934-09-02 05:14:40,163,resources/MBhUyvDLuK.jpg
933,388,Clarence Lewis,0-(500)358-9968,1900-08-12 19:46:48,198,resources/NXtfcyBxDg.jpg
934,742,Jane Long,7-(765)931-2146,1913-09-07 06:16:56,341,resources/WlwKIYJkRh.jpg
935,362,Nicole Andrews,7-(751)216-8194,1981-10-12 15:15:48,104,resources/xBDbpLMyjf.jpg
936,579,Rose Sanders,9-(753)634-4337,1925-03-14 23:58:13,80,resources/wiRgovICVU.jpg
937,788,Cheryl Green,6-(392)301-2870,1962-09-28 04:32:00,74,resources/ruCbjvPIsR.jpg
938,289,Jacqueline Sanders,4-(346)350-6429,1970-02-07 22:35:34,325,resources/fNzhDYTaMH.jpg
939,719,Janice Larson,2-(195)655-4875,1959-09-12 01:38:25,193,resources/fMLKzYAPTO.jpg
940,10,Deborah Dixon,3-(855)634-1150,1941-06-29 17:09:19,142,resources/dHRgxKUQXw.jpg
941,311,Gregory Lawson,1-(968)587-7236,1979-02-09 03:04:54,140,resources/DfzqmSeHpC.jpg
942,416,Sharon Nelson,4-(083)509-8270,1984-03-17 01:16:52,179,resources/eHJhElGKiB.jpg
943,784,Roger Reed,0-(674)656-6881,1962-12-12 17:34:56,212,resources/UmbJjdYFzS.jpg
944,48,Henry Kennedy,0-(112)910-4975,1948-01-10 18:30:01,410,resources/CIThUoVHQp.jpg
945,732,Christina Fisher,5-(011)911-2124,1930-04-24 18:15:41,241,resources/QuipmfzVnk.jpg
946,689,Philip Jenkins,0-(002)906-0458,1979-01-16 07:52:49,5,resources/HSYCpqwFda.jpg
947,765,Scott Perkins,1-(642)979-6334,1982-01-28 06:28:21,480,resources/bvOUENApjC.jpg
948,337,Kathy Burke,5-(751)183-5774,1939-03-24 13:20:44,492,resources/EpiZCjGdtB.jpg
949,620,Justin Marshall,4-(880)071-5823,1976-09-18 15:31:26,251,resources/eDEJbWaIGV.jpg
950,770,Patricia King,8-(600)139-1599,1904-07-27 03:14:41,297,resources/sIFgrWBZfz.jpg
951,115,Lillian Castillo,1-(082)458-7789,1994-01-13 04:06:07,299,resources/nuZwVXbmHi.jpg
952,233,Harry Austin,5-(671)828-4165,1932-02-04 04:34:25,146,resources/RWYCmtqQrI.jpg
953,398,Martin Warren,7-(517)035-4128,1934-05-26 11:26:28,207,resources/CBLTpembkf.jpg
954,656,Ann Morales,8-(459)609-9358,1942-02-16 15:38:23,132,resources/iFInZfRHAM.jpg
955,65,Kimberly Armstrong,2-(023)017-1978,1935-06-13 13:12:45,462,resources/xHWokcRjiA.jpg
956,400,Timothy Freeman,3-(801)713-5612,1902-10-26 02:29:35,179,resources/JATKpgYstW.jpg
957,689,Edward Ross,5-(694)672-6857,1925-10-19 04:43:24,266,resources/BLgMukCdqt.jpg
958,31,Rebecca Brooks,3-(930)332-9171,1901-12-19 19:34:21,485,resources/hWcqOyotKM.jpg
959,505,Rebecca Johnson,7-(521)539-8029,1955-11-14 07:32:58,320,resources/wUZdEIxjTH.jpg
960,56,Sara Nguyen,7-(546)747-7305,1986-08-06 13:40:11,274,resources/fMvhUgKzAn.jpg
961,332,Carlos Reid,1-(142)802-3105,1906-11-15 10:30:21,452,resources/BGvktZjfwo.jpg
962,583,Harry Willis,4-(437)834-8598,1989-04-25 17:59:18,166,resources/EkmUfXVZzr.jpg
963,548,Janice Grant,2-(622)956-6771,1989-02-01 22:51:35,19,resources/IotmGhlfUj.jpg
964,667,Rachel James,2-(072)057-0759,1920-10-31 08:27:55,380,resources/SYaCgrpWld.jpg
965,364,Linda Dunn,7-(282)801-6048,1933-07-13 02:31:21,327,resources/kLrtvIKZga.jpg
966,465,Anthony Garza,5-(980)441-7438,1919-11-29 21:19:10,57,resources/UMdIklhjnz.jpg
967,185,Betty Morales,6-(182)366-6781,1975-11-28 03:49:37,112,resources/GReWqthHna.jpg
968,99,Peter Gray,1-(899)632-2571,1924-08-08 17:09:16,116,resources/LNMmHIYPJX.jpg
969,764,Joyce Rivera,8-(714)290-6798,1992-11-07 06:30:17,427,resources/zaBkuYqLXl.jpg
970,564,Joe Sanders,6-(734)856-6525,1901-09-27 15:13:14,480,resources/ZcTPkNpRgF.jpg
971,55,Eric Carpenter,8-(943)395-3774,1929-12-28 17:54:14,38,resources/XLredIfnZF.jpg
972,351,Carol Hernandez,6-(426)920-5368,1943-01-16 01:28:14,20,resources/WQumESvFlw.jpg
973,484,Bruce Cooper,5-(993)584-8210,1966-07-08 19:47:42,328,resources/imroRZqyjp.jpg
974,132,Jessica Gonzales,8-(300)534-4701,1908-02-07 13:08:48,205,resources/zgiWpDKGNL.jpg
975,547,Annie Jones,1-(966)721-2025,1924-07-22 04:31:54,118,resources/OnjhYNzpJL.jpg
976,346,Bruce Nelson,0-(168)037-5684,1969-07-12 00:48:12,327,resources/itlfoSnFLQ.jpg
977,322,George Powell,6-(191)497-4611,1959-12-07 12:35:22,34,resources/uAPhkbQUGE.jpg
978,523,Debra Wood,2-(847)714-9141,1947-02-22 05:43:52,9,resources/MjSgzmhIpQ.jpg
979,52,Jimmy Castillo,9-(588)485-6624,1972-11-28 10:41:35,340,resources/oHsFqZfnua.jpg
980,681,Melissa Robertson,5-(219)189-3618,1904-06-08 14:29:35,238,resources/MiUbkhtrFK.jpg
981,739,Timothy Chapman,9-(501)745-0441,1937-09-16 13:22:02,110,resources/DNimXYrqvk.jpg
982,366,Cynthia Ruiz,7-(699)616-7590,1909-09-10 05:14:05,208,resources/HMtLaJZYmC.jpg
983,78,Catherine Burton,5-(171)774-8255,1974-03-18 20:07:53,226,resources/IxwuWEStpM.jpg
984,537,Robert Hughes,6-(840)961-2865,1959-05-24 13:39:49,417,resources/sTEtFvaSpg.jpg
985,523,Annie Black,1-(854)108-2401,1934-08-02 03:12:03,451,resources/lLKNpomMbY.jpg
986,757,Judith Shaw,5-(775)440-1307,1977-01-02 03:56:52,270,resources/hEDqtRQmMX.jpg
987,68,Amanda Kennedy,2-(531)823-2383,1911-09-03 14:15:42,222,resources/vfqJWQrtzb.jpg
988,86,Annie Vasquez,9-(637)446-9140,1911-06-06 23:46:16,280,resources/oOfJGEeDlm.jpg
989,621,Samuel Knight,8-(555)523-8496,1946-10-15 08:55:57,97,resources/sluHenFSUi.jpg
990,563,Sara Ross,4-(577)274-2968,1970-02-23 18:56:29,135,resources/kjlEndMFbx.jpg
991,677,Gary Cunningham,2-(202)961-7587,1962-09-19 17:45:30,104,resources/PwhDTSgyZv.jpg
992,529,Johnny Hall,3-(680)278-4007,1957-07-07 19:44:29,274,resources/xpquwFghOM.jpg
993,695,Frank Montgomery,8-(705)048-1431,1945-08-16 12:12:58,151,resources/nzivwlLoQA.jpg
994,795,Jennifer Shaw,1-(820)793-0937,1976-07-11 08:00:30,48,resources/gzupwBoKiJ.jpg
995,53,Chris Hayes,1-(487)274-7726,1967-10-30 13:44:35,127,resources/HnohIEWLYe.jpg
996,301,Christine Montgomery,4-(728)976-1504,1925-02-15 02:32:34,444,resources/MnEruzqWZl.jpg
997,267,Betty Garrett,6-(937)477-2533,1941-09-02 20:23:29,315,resources/neuYKXjgrU.jpg
998,348,Charles Ray,1-(577)854-6672,1902-08-07 19:57:08,237,resources/pSBxAERaTo.jpg
999,130,Amanda Mendoza,9-(176)202-8068,1971-01-27 01:26:47,362,resources/YzoKQmIEaO.jpg
1000,161,Phyllis Morales,9-(886)975-1079,1918-10-14 11:28:01,206,resources/KYcCxGZvNM.jpg
